app_id	category1	category2	category3	category4	category5
com.whatsapp	/Internet & Telecom/Text & Instant Messaging	None	None	None	None
com.google.android.youtube	/Arts & Entertainment/Online Video	None	None	None	None
com.instagram.android	/Online Communities/Social Networks	None	None	None	None
com.facebook.katana	/Online Communities/Social Networks	None	None	None	None
com.facebook.orca	/Online Communities/Social Networks	None	None	None	None
com.supercell.clashofclans	/Games/Computer & Video Games/Strategy Games	None	None	None	None
com.zhiliaoapp.musically	/Computers & Electronics/Software/Video Software	/Online Communities/Social Networks	None	None	None
com.cleanmaster.mguard	/Computers & Electronics/Antivirus & Malware	None	None	None	None
com.android.chrome	/Computers & Electronics/Software/Web Browsers	None	None	None	None
com.kiloo.subwaysurf	/Games/Computer & Video Games/Action & Platform Games	None	None	None	None
com.supercell.clashroyale	/Games/Computer & Video Games/Massively Multiplayer Games	/Games/Computer & Video Games/Strategy Games	None	None	None
com.king.candycrushsaga	/Games/Computer & Video Games/Casual Games	None	None	None	None
com.mobile.legends	/Games/Computer & Video Games/Strategy Games	None	None	None	None
com.snapchat.android	/Internet & Telecom/Text & Instant Messaging	/Online Communities/Social Networks	None	None	None
com.cleanmaster.security	/Computers & Electronics/Antivirus & Malware	None	None	None	None
com.miniclip.eightballpool	/Games/Billiards	/Games/Computer & Video Games/Sports Games	None	None	None
com.google.android.googlequicksearchbox	/Internet & Telecom/Search Engines	/Internet & Telecom/Web Apps & Online Tools	None	None	None
com.UCMobile.intl	/Computers & Electronics/Software/Web Browsers	None	None	None	None
com.supercell.brawlstars	/Games/Computer & Video Games/Action & Platform Games	None	None	None	None
com.facebook.lite	/Online Communities/Social Networks	None	None	None	None
com.twitter.android	/Online Communities/Social Networks	None	None	None	None
com.jio.myjio	/Internet & Telecom/Phone Service Providers	None	None	None	None
com.outfit7.mytalkingtomfree	/Games/Computer & Video Games/Casual Games	None	None	None	None
com.qihoo.security	/Computers & Electronics/Antivirus & Malware	None	None	None	None
com.viber.voip	/Internet & Telecom/Text & Instant Messaging	None	None	None	None
com.nianticlabs.pokemongo	/Games/Computer & Video Games/Casual Games	/Science/Augmented & Virtual Reality	None	None	None
com.nekki.shadowfight	/Games/Roleplaying Games	None	None	None	None
com.ss.android.ugc.trill	/Computers & Electronics/Software/Video Software	/Online Communities/Social Networks	None	None	None
jp.naver.line.android	/Internet & Telecom/Text & Instant Messaging	/Online Communities/Social Networks	None	None	None
com.firsttouchgames.dls3	/Games/Computer & Video Games/Sports Games	/Sports/Soccer	None	None	None
com.innersloth.spacemafia	/Games/Computer & Video Games/Action & Platform Games	None	None	None	None
com.bbm	/Internet & Telecom/Text & Instant Messaging	None	None	None	None
com.dianxinos.optimizer.duplay	/Computers & Electronics/Antivirus & Malware	None	None	None	None
com.google.android.play.games	/Games/Computer & Video Games	None	None	None	None
com.duolingo	/Reference/Foreign Language Study	None	None	None	None
video.like	/Computers & Electronics/Software/Video Software	None	None	None	None
com.skype.raider	/Internet & Telecom/Text & Instant Messaging	None	None	None	None
com.picsart.studio	/Computers & Electronics/Software/Photo Software	None	None	None	None
com.playrix.gardenscapes	/Games/Computer & Video Games/Casual Games	None	None	None	None
com.google.android.gm	/Internet & Telecom/Email	None	None	None	None
com.playrix.homescapes	/Games/Computer & Video Games/Casual Games	None	None	None	None
in.startv.hotstar	/Sports	None	None	None	None
com.gameloft.android.ANMP.GloftDMHM	/Games/Computer & Video Games/Action & Platform Games	None	None	None	None
org.telegram.messenger	/Internet & Telecom/Text & Instant Messaging	None	None	None	None
com.fingersoft.hillclimb	/Games/Computer & Video Games/Action & Platform Games	None	None	None	None
com.imangi.templerun2	/Games/Computer & Video Games/Action & Platform Games	None	None	None	None
com.ubercab	/Travel & Transportation/Car Rentals	None	None	None	None
com.king.farmheroessaga	/Games/Computer & Video Games/Casual Games	None	None	None	None
com.ea.gp.fifamobile	/Games/Computer & Video Games/Sports Games	/Sports/Soccer	None	None	None
es.socialpoint.DragonCity	/Games/Computer & Video Games/Simulation Games	/Games/Computer & Video Games/Casual Games	None	None	None
com.pinterest	/Online Communities/Social Networks	None	None	None	None
jp.konami.pesam	/Games/Computer & Video Games/Sports Games	None	None	None	None
com.ludo.king	/Games/Computer & Video Games	None	None	None	None
com.cmplay.tiles2	/Games/Computer & Video Games/Music & Dance Games	None	None	None	None
com.king.candycrushsodasaga	/Games/Computer & Video Games/Casual Games	None	None	None	None
com.kwai.video	/Computers & Electronics/Software/Video Software	/Online Communities/Social Networks	None	None	None
com.opera.mini.native	/Computers & Electronics/Software/Web Browsers	None	None	None	None
com.vkontakte.android	/Online Communities/Social Networks	None	None	None	None
com.tencent.iglite	/Games/Computer & Video Games/Action & Platform Games	None	None	None	None
com.whatsapp.w4b	/Internet & Telecom/Text & Instant Messaging	/Business & Industrial	None	None	None
ru.sberbankmobile	/Finance/Credit Cards	None	None	None	None
com.canva.editor	/Computers & Electronics/Software/Photo Software	None	None	None	None
com.etermax.preguntados.lite	/Games/Computer & Video Games/Casual Games	None	None	None	None
com.igg.android.lordsmobile	/Games/Computer & Video Games/Strategy Games	None	None	None	None
com.imo.android.imoim	/Internet & Telecom/Text & Instant Messaging	None	None	None	None
com.google.android.apps.messaging	/Internet & Telecom/Text & Instant Messaging	None	None	None	None
com.antivirus	/Computers & Electronics/Antivirus & Malware	None	None	None	None
com.fgol.HungrySharkEvolution	/Games/Computer & Video Games/Action & Platform Games	None	None	None	None
com.linecorp.b612.android	/Computers & Electronics/Software/Photo Software	None	None	None	None
com.telkomsel.telkomselcm	/Internet & Telecom/Phone Service Providers	None	None	None	None
com.ea.game.pvz2_row	/Games/Computer & Video Games/Strategy Games	None	None	None	None
com.robtopx.geometryjumplite	/Games/Computer & Video Games/Action & Platform Games	/Games/Computer & Video Games/Casual Games	None	None	None
com.firsttouchgames.story	/Games/Computer & Video Games/Sports Games	/Sports/Soccer	None	None	None
com.avast.android.mobilesecurity	/Computers & Electronics/Antivirus & Malware	None	None	None	None
com.moonactive.coinmaster	/Games/Computer & Video Games/Adventure Games	None	None	None	None
com.shazam.android	/Arts & Entertainment/Music & Audio	None	None	None	None
air.com.hypah.io.slither	/Games/Computer & Video Games/Casual Games	None	None	None	None
com.gameloft.android.ANMP.GloftGGHM	/Games/Computer & Video Games/Action & Platform Games	/Games/Computer & Video Games/Adventure Games	None	None	None
com.google.android.apps.plus	/Online Communities/Social Networks	None	None	None	None
com.kwai.bulldog	/Computers & Electronics/Software/Video Software	/Arts & Entertainment/Online Video	None	None	None
com.venticake.retrica	/Computers & Electronics/Software/Photo Software	None	None	None	None
com.ea.game.fifa15_row	/Sports/Soccer	None	None	None	None
com.supercell.boombeach	/Games/Computer & Video Games/Strategy Games	None	None	None	None
com.tencent.mm	/Internet & Telecom/Text & Instant Messaging	/Online Communities/Social Networks	None	None	None
com.yy.hiyo	/Games/Computer & Video Games	None	None	None	None
com.miniclip.bowmasters	/Games/Computer & Video Games/Action & Platform Games	None	None	None	None
net.mobigame.zombietsunami	/Games/Computer & Video Games/Action & Platform Games	None	None	None	None
com.pure.indosat.care	/Internet & Telecom/Phone Service Providers	None	None	None	None
com.psafe.msuite	/Computers & Electronics/Antivirus & Malware	None	None	None	None
com.rovio.baba	/Games/Computer & Video Games/Casual Games	None	None	None	None
com.myairtelapp	/Internet & Telecom/Phone Service Providers	/Internet & Telecom/ISPs	None	None	None
com.firsttouchgames.dls7	/Sports/Soccer	None	None	None	None
com.xvideostudio.videoeditor	/Computers & Electronics/Software/Video Software	None	None	None	None
com.badoo.mobile	/Online Communities/Dating & Personals	None	None	None	None
com.sega.sonicdash	/Games/Computer & Video Games/Action & Platform Games	None	None	None	None
com.pixel.gun3d	/Games/Computer & Video Games/Action & Platform Games	None	None	None	None
com.rovio.angrybirds	/Games/Computer & Video Games/Casual Games	None	None	None	None
com.halfbrick.fruitninjafree	/Games/Computer & Video Games/Casual Games	None	None	None	None
com.ea.game.pvzfree_row	/Games/Computer & Video Games/Strategy Games	None	None	None	None
com.playrix.fishdomdd.gplay	/Games/Computer & Video Games/Casual Games	None	None	None	None
eu.nordeus.topeleven.android	/Sports/Soccer	None	None	None	None
com.google.android.talk	/Internet & Telecom/Text & Instant Messaging	None	None	None	None
com.outfit7.talkingtomgoldrun	/Games/Computer & Video Games/Action & Platform Games	None	None	None	None
com.garena.game.kgvn	/Games/Computer & Video Games/Action & Platform Games	/Games/Computer & Video Games/Massively Multiplayer Games	/Games/Computer & Video Games/Strategy Games	None	None
com.mind.quiz.brain.out	/Games/Computer & Video Games	None	None	None	None
com.facebook.mlite	/Internet & Telecom/Text & Instant Messaging	None	None	None	None
videoeditor.videorecorder.screenrecorder	/Computers & Electronics/Software/Video Software	None	None	None	None
com.unicostudio.braintest	/Games/Computer & Video Games/Casual Games	None	None	None	None
com.igg.castleclash	/Games/Computer & Video Games/Strategy Games	None	None	None	None
com.camerasideas.trimmer	/Computers & Electronics/Software/Video Software	None	None	None	None
com.imangi.templerun	/Games/Computer & Video Games/Action & Platform Games	None	None	None	None
sg.bigo.live	/Online Communities/Social Networks	None	None	None	None
com.halfbrick.jetpackjoyride	/Games/Computer & Video Games/Action & Platform Games	None	None	None	None
com.sec.android.app.sbrowser	/Computers & Electronics/Software/Web Browsers	None	None	None	None
com.nexstreaming.app.kinemasterfree	/Computers & Electronics/Software/Video Software	None	None	None	None
com.commsource.beautyplus	/Computers & Electronics/Software/Photo Software	None	None	None	None
com.uc.browser.en	/Computers & Electronics/Software/Web Browsers	None	None	None	None
com.nordcurrent.canteenhd	/Games/Computer & Video Games/Casual Games	None	None	None	None
com.fdgentertainment.bananakong	/Games/Computer & Video Games/Action & Platform Games	None	None	None	None
com.mediocre.smashhit	/Games/Computer & Video Games/Casual Games	None	None	None	None
com.tinder	/Online Communities/Dating & Personals	None	None	None	None
com.yodo1.crossyroad	/Games/Computer & Video Games/Casual Games	/Games/Computer & Video Games/Action & Platform Games	None	None	None
com.outfit7.mytalkingtom2	/Games/Computer & Video Games/Casual Games	None	None	None	None
com.pixonic.wwr	/Games/Computer & Video Games/Action & Platform Games	None	None	None	None
com.opera.mini.android	/Computers & Electronics/Software/Web Browsers	None	None	None	None
org.mozilla.firefox	/Computers & Electronics/Software/Web Browsers	None	None	None	None
com.wb.goog.mkx	/Games/Computer & Video Games/Action & Platform Games	None	None	None	None
zombie.survival.craft.z	/Games/Computer & Video Games/Strategy Games	/Games/Computer & Video Games/Action & Platform Games	None	None	None
com.prettysimple.criminalcaseandroid	/Games/Computer & Video Games/Adventure Games	None	None	None	None
com.discord	/Online Communities/Forum & Chat Providers	/Online Communities/Social Networks	None	None	None
io.faceapp	/Computers & Electronics/Software/Photo Software	None	None	None	None
com.h8games.helixjump	/Games/Computer & Video Games/Casual Games	None	None	None	None
com.miniclip.carrom	/Games/Computer & Video Games/Sports Games	None	None	None	None
ru.yandex.taxi	/Travel & Transportation/Car Rentals	None	None	None	None
com.miniclip.agar.io	/Games/Computer & Video Games/Casual Games	None	None	None	None
net.wargaming.wot.blitz	/Games/Computer & Video Games/Action & Platform Games	None	None	None	None
com.cyberlink.youcammakeup	/Computers & Electronics/Software/Photo Software	/Beauty & Fitness/Face & Body Care/Make-Up & Cosmetics	None	None	None
com.ea.game.simpsons4_row	/Games/Computer & Video Games/Casual Games	None	None	None	None
com.smule.singandroid	/Games/Computer & Video Games/Music & Dance Games	None	None	None	None
com.sgiggle.production	/Internet & Telecom/Text & Instant Messaging	None	None	None	None
com.opera.browser	/Computers & Electronics/Software/Web Browsers	None	None	None	None
com.zhiliaoapp.musically.go	/Online Communities/Social Networks	/Arts & Entertainment/Music & Audio	None	None	None
com.linecorp.LGGRTHN	/Games/Computer & Video Games	None	None	None	None
com.empire.grow.rome	/Games/Roleplaying Games	/Games/Computer & Video Games/Strategy Games	None	None	None
com.rovio.angrybirdsgo	/Games/Computer & Video Games/Casual Games	None	None	None	None
com.episodeinteractive.android.catalog	/Games/Computer & Video Games/Adventure Games	/Games/Computer & Video Games/Simulation Games	None	None	None
com.kms.free	/Computers & Electronics/Antivirus & Malware	/Computers & Electronics/Network Security	None	None	None
com.lemon.lvoverseas	/Computers & Electronics/Software/Video Software	None	None	None	None
com.firsttouchgames.dlsa	/Sports/Soccer	None	None	None	None
com.linecorp.LGCOOKIE	/Games/Computer & Video Games/Action & Platform Games	None	None	None	None
com.digidust.elokence.akinator.freemium	/Games/Computer & Video Games/Casual Games	None	None	None	None
com.gameloft.android.ANMP.GloftM5HM	/Games/Computer & Video Games/Action & Platform Games	None	None	None	None
com.miniclip.plagueinc	/Games/Computer & Video Games/Strategy Games	/Games/Computer & Video Games/Simulation Games	None	None	None
com.myntra.android	/Beauty & Fitness/Fashion & Style	None	None	None	None
us.zoom.videomeetings	/Internet & Telecom/Teleconferencing	None	None	None	None
com.tumblr	/Online Communities/Social Networks	None	None	None	None
com.movile.playkids.pkxd	/Games/Computer & Video Games/Casual Games	None	None	None	None
com.dvloper.granny	/Games/Computer & Video Games/Adventure Games	None	None	None	None
com.nekki.shadowfight3	/Games/Roleplaying Games	None	None	None	None
air.com.lunime.gachalife	/Games/Roleplaying Games	/Games/Computer & Video Games	None	None	None
net.peakgames.toonblast	/Games/Computer & Video Games/Casual Games	None	None	None	None
com.joeware.android.gpulumera	/Computers & Electronics/Software/Photo Software	None	None	None	None
es.socialpoint.MonsterLegends	/Games/Computer & Video Games/Adventure Games	/Games/Roleplaying Games	None	None	None
com.king.petrescuesaga	/Games/Computer & Video Games/Casual Games	None	None	None	None
com.nekki.vector	/Games/Computer & Video Games/Action & Platform Games	None	None	None	None
com.playgendary.kickthebuddy	/Games/Computer & Video Games/Casual Games	None	None	None	None
com.lilithgame.hgame.gp	/Games/Computer & Video Games/Casual Games	/Games/Computer & Video Games/Action & Platform Games	/Games/Card Games	None	None
com.zzkko	/Shopping/Women's Clothing	None	None	None	None
com.whatsapp.wallpaper	/Internet & Telecom/Text & Instant Messaging	None	None	None	None
com.booking	/Travel & Transportation/Hotels & Accommodations	None	None	None	None
com.garena.game.kgth	/Games/Computer & Video Games/Action & Platform Games	/Games/Roleplaying Games	/Games/Computer & Video Games/Strategy Games	None	None
sinet.startup.inDriver	/Travel & Transportation/Car Rentals	None	None	None	None
com.rsupport.mvagent	/Computers & Electronics/Software/Video Software	None	None	None	None
com.garena.game.codm	/Games/Computer & Video Games/Action & Platform Games	None	None	None	None
com.miHoYo.GenshinImpact	/Games/Roleplaying Games	/Games/Computer & Video Games/Action & Platform Games	None	None	None
com.madfingergames.deadtrigger2	/Games/Computer & Video Games/Action & Platform Games	None	None	None	None
com.neptune.domino	/Games/Card Games	None	None	None	None
com.kakao.talk	/Internet & Telecom/Text & Instant Messaging	None	None	None	None
com.nextwave.wcc2	/Games/Computer & Video Games/Sports Games	/Sports/Cricket	None	None	None
com.billiards.city.pool.nation.club	/Games/Billiards	/Games/Computer & Video Games/Sports Games	None	None	None
net.peakgames.amy	/Games/Computer & Video Games/Casual Games	None	None	None	None
com.amanotes.beathopper	/Games/Computer & Video Games/Music & Dance Games	None	None	None	None
com.ea.game.easportsufc_row	/Games/Computer & Video Games/Sports Games	None	None	None	None
com.topfreegames.bikeracefreeworld	/Games/Computer & Video Games/Action & Platform Games	None	None	None	None
com.whereismytrain.android	/Travel & Transportation/Long Distance Bus & Rail	None	None	None	None
vsin.t16_funny_photo	/Computers & Electronics/Software/Photo Software	None	None	None	None
com.zynga.FarmVille2CountryEscape	/Games/Computer & Video Games/Casual Games	None	None	None	None
com.midasplayer.apps.bubblewitchsaga2	/Games/Computer & Video Games/Casual Games	None	None	None	None
com.pnixgames.bowlingking	/Games/Computer & Video Games/Sports Games	None	None	None	None
com.shopee.br	/Shopping/Consumer Resources/Coupons & Discount Offers	None	None	None	None
com.umonistudio.tile	/Games/Computer & Video Games/Music & Dance Games	/Games/Computer & Video Games/Casual Games	None	None	None
com.netmarble.mherosgb	/Games/Roleplaying Games	/Games/Computer & Video Games/Action & Platform Games	None	None	None
com.jb.gosms	/Internet & Telecom/Text & Instant Messaging	None	None	None	None
com.pixel.art.coloring.color.number	/Games/Drawing & Coloring	None	None	None	None
ru.mts.mymts	/Internet & Telecom/Phone Service Providers	None	None	None	None
com.bsb.hike	/Internet & Telecom/Text & Instant Messaging	None	None	None	None
com.zytoona.wordscrush	/Games/Computer & Video Games	None	None	None	None
com.NextFloor.DragonFlightKakao	/Games/Computer & Video Games/Action & Platform Games	None	None	None	None
photo.editor.photoeditor.photoeditorpro	/Computers & Electronics/Software/Photo Software	None	None	None	None
com.youmusic.magictiles	/Games/Computer & Video Games/Music & Dance Games	/Games/Computer & Video Games/Casual Games	None	None	None
com.rovio.angrybirdsrio	/Games/Computer & Video Games/Casual Games	None	None	None	None
com.google.android.apps.youtube.mango	/Arts & Entertainment/Online Video	None	None	None	None
com.gamedevltd.wwh	/Games/Computer & Video Games/Action & Platform Games	None	None	None	None
com.starmakerinteractive.starmaker	/Computers & Electronics/Software/Audio & Music Software	None	None	None	None
com.outfit7.mytalkingtomfriends	/Games/Computer & Video Games/Casual Games	None	None	None	None
com.google.android.projection.gearhead	/Autos & Vehicles	None	None	None	None
com.ubercab.driver	/Travel & Transportation/Car Rentals	None	None	None	None
com.mventus.selfcare.activity	/Internet & Telecom/Phone Service Providers	None	None	None	None
com.narvii.amino.master	/Online Communities/Social Networks	None	None	None	None
com.zynga.livepoker	/Games/Computer & Video Games	None	None	None	None
com.transsion.phoenix	/Computers & Electronics/Software/Web Browsers	None	None	None	None
com.rovio.gold	/Games/Computer & Video Games/Action & Platform Games	/Games/Roleplaying Games	None	None	None
ru.ok.android	/Online Communities/Social Networks	None	None	None	None
com.scimob.ninetyfour.percent	/Games/Computer & Video Games/Casual Games	None	None	None	None
com.cmcm.lite	/Computers & Electronics/Antivirus & Malware	None	None	None	None
com.weather.Weather	/News/Weather	None	None	None	None
com.king.bubblewitch3	/Games/Computer & Video Games/Casual Games	None	None	None	None
com.indeed.android.jobsearch	/Jobs & Education/Jobs/Job Listings	None	None	None	None
com.lionmobi.powerclean	/Computers & Electronics/Antivirus & Malware	None	None	None	None
com.wildspike.wormszone	/Games/Computer & Video Games/Casual Games	None	None	None	None
com.devsisters.CookieRunForKakao	/Games/Computer & Video Games/Action & Platform Games	None	None	None	None
com.biglime.cookingmadness	/Games/Computer & Video Games/Casual Games	None	None	None	None
com.wb.goog.injustice	/Arts & Entertainment/Comics	None	None	None	None
com.FDGEntertainment.redball4.gp	/Games/Computer & Video Games/Casual Games	/Games/Computer & Video Games/Action & Platform Games	None	None	None
com.accuweather.android	/News/Weather	None	None	None	None
mobi.mgeek.TunnyBrowser	/Computers & Electronics/Software/Web Browsers	None	None	None	None
com.outfit7.movingeye.swampattack	/Games/Computer & Video Games/Action & Platform Games	/Games/Computer & Video Games/Strategy Games	None	None	None
com.sandboxol.blockymods	/Games/Computer & Video Games/Casual Games	/Online Communities/Forum & Chat Providers	None	None	None
kik.android	/Internet & Telecom/Text & Instant Messaging	/Online Communities/Social Networks	None	None	None
com.devexpert.weather	/News/Weather	None	None	None	None
com.naver.linewebtoon	/Arts & Entertainment/Comics	None	None	None	None
com.tinyco.potter	/Games/Roleplaying Games	/Games/Computer & Video Games/Adventure Games	None	None	None
com.appstar.callrecorder	/Computers & Electronics/Software/Audio & Music Software	None	None	None	None
com.cyworld.camera	/Computers & Electronics/Software/Photo Software	None	None	None	None
com.reddit.frontpage	/Online Communities/Social Networks	None	None	None	None
com.makingfun.mageandminions	/Games/Roleplaying Games	/Games/Computer & Video Games/Action & Platform Games	None	None	None
net.peakgames.Yuzbir	/Games/Computer & Video Games	None	None	None	None
com.ea.gp.nbamobile	/Games/Computer & Video Games/Sports Games	/Sports/Basketball	None	None	None
com.slippy.linerusher	/Games/Computer & Video Games/Action & Platform Games	/Games/Computer & Video Games/Casual Games	None	None	None
com.rubygames.assassin	/Games/Computer & Video Games/Action & Platform Games	/Games/Computer & Video Games/Casual Games	None	None	None
com.facebook.pages.app	/Online Communities/Social Networks	None	None	None	None
com.miniclip.footballstrike	/Games/Computer & Video Games/Sports Games	/Sports/Soccer	None	None	None
com.outfit7.talkingtom	/Games/Computer & Video Games/Casual Games	None	None	None	None
com.theonegames.gunshipbattle	/Games/Computer & Video Games/Action & Platform Games	None	None	None	None
com.ksmobile.cb	/Computers & Electronics/Software/Web Browsers	/Computers & Electronics/Antivirus & Malware	None	None	None
co.brainly	/Jobs & Education/Education/Colleges & Universities	None	None	None	None
com.gameloft.android.ANMP.GloftSIHM	/Games/Computer & Video Games/Action & Platform Games	/Arts & Entertainment/Comics	None	None	None
com.vectorunit.purple.googleplay	/Games/Computer & Video Games/Casual Games	None	None	None	None
com.maxgames.stickwarlegacy	/Games/Computer & Video Games/Strategy Games	None	None	None	None
com.ril.ajio	/Shopping/Women's Clothing	None	None	None	None
com.superking.parchisi.star	/Games/Computer & Video Games	None	None	None	None
com.newstargames.newstarsoccer	/Games/Computer & Video Games/Sports Games	None	None	None	None
fb.video.downloader	/Computers & Electronics/Software/Video Software	None	None	None	None
com.com2us.smon.normal.freefull.google.kr.android.common	/Games/Roleplaying Games	/Games/Computer & Video Games/Strategy Games	None	None	None
com.miniclip.soccerstars	/Games/Computer & Video Games/Casual Games	/Games/Computer & Video Games/Sports Games	None	None	None
app.buzz.share	/Online Communities/Social Networks	/Arts & Entertainment	None	None	None
com.linkedin.android	/Jobs & Education/Jobs	/Online Communities/Social Networks	None	None	None
com.hcg.cok.gp	/Games/Roleplaying Games	/Games/Computer & Video Games/Strategy Games	/Games/Computer & Video Games/Massively Multiplayer Games	None	None
com.zeptolab.ctr2.f2p.google	/Games/Computer & Video Games/Casual Games	None	None	None	None
com.cam001.selfie	/Computers & Electronics/Software/Photo Software	None	None	None	None
com.touchtao.soccerkinggoogle	/Games/Computer & Video Games/Sports Games	None	None	None	None
com.generagames.resistance	/Games/Computer & Video Games/Action & Platform Games	None	None	None	None
com.brokenreality.planemerger.android	/Games/Computer & Video Games/Casual Games	None	None	None	None
ee.mtakso.client	/Travel & Transportation/Car Rentals	None	None	None	None
cris.org.in.prs.ima	/Travel & Transportation/Long Distance Bus & Rail	None	None	None	None
com.bitmango.go.wordcookies	/Games/Computer & Video Games/Casual Games	None	None	None	None
com.spacegame.homedesign	/Games/Computer & Video Games/Casual Games	None	None	None	None
com.smallgiantgames.empires	/Games/Roleplaying Games	/Games/Computer & Video Games/Casual Games	None	None	None
com.europosit.pixelcoloring	/Games/Drawing & Coloring	None	None	None	None
com.vng.g6.a.zombie	/Games/Computer & Video Games/Action & Platform Games	None	None	None	None
ru.rostel	/Law & Government	None	None	None	None
com.alien.shooter.galaxy.attack	/Games/Computer & Video Games/Casual Games	None	None	None	None
com.disney.wheresmywater2_goo	/Games/Computer & Video Games/Casual Games	None	None	None	None
com.Seriously.BestFiends	/Games/Computer & Video Games/Casual Games	None	None	None	None
com.qihoo.security.lite	/Computers & Electronics/Antivirus & Malware	None	None	None	None
br.com.tapps.vloggergoviral	/Games/Computer & Video Games/Casual Games	None	None	None	None
com.taxis99	/Travel & Transportation/Car Rentals	None	None	None	None
com.finaccel.android	/Finance/Personal Loans	None	None	None	None
com.matchington.mansion	/Games/Computer & Video Games/Casual Games	None	None	None	None
air.au.com.metro.DumbWaysToDie	/Games/Computer & Video Games/Casual Games	/Arts & Entertainment/Humor	None	None	None
com.linecorp.LGRGS	/Games/Computer & Video Games/Action & Platform Games	None	None	None	None
com.google.android.apps.meetings	/Internet & Telecom/Teleconferencing	None	None	None	None
com.mambet.tv	/Games/Computer & Video Games	None	None	None	None
videoeditor.videomaker.videoeditorforyoutube	/Computers & Electronics/Software/Video Software	None	None	None	None
com.gamebasics.osm	/Sports/Soccer	None	None	None	None
com.ixigo.train.ixitrain	/Travel & Transportation/Long Distance Bus & Rail	None	None	None	None
com.outfit7.talkingangelafree	/Games/Computer & Video Games	None	None	None	None
com.gameloft.android.ANMP.GloftSXHM	/Games/Computer & Video Games/Adventure Games	None	None	None	None
com.yandex.browser	/Computers & Electronics/Software/Web Browsers	None	None	None	None
com.lyrebirdstudio.montagenscolagem	/Computers & Electronics/Software/Photo Software	None	None	None	None
com.cyberlink.youperfect	/Computers & Electronics/Software/Photo Software	None	None	None	None
com.kingsgroup.sos	/Games/Computer & Video Games/Action & Platform Games	/Games/Computer & Video Games/Strategy Games	None	None	None
com.lilithgame.roc.gp	/Games/Computer & Video Games/Strategy Games	None	None	None	None
com.playdemic.golf.android	/Games/Computer & Video Games/Sports Games	/Sports/Golf	None	None	None
com.olacabs.customer	/Travel & Transportation/Car Rentals	None	None	None	None
photoeditor.layout.collagemaker	/Computers & Electronics/Software/Photo Software	None	None	None	None
com.outerminds.tubular	/Games/Computer & Video Games/Simulation Games	None	None	None	None
com.ubisoft.hungrysharkworld	/Games/Computer & Video Games/Action & Platform Games	None	None	None	None
com.mobilemotion.dubsmash	/Computers & Electronics/Software/Video Software	None	None	None	None
com.springwalk.mediaconverter	/Computers & Electronics/Software/Video Software	None	None	None	None
jp.ne.ibis.ibispaintx.app	/Computers & Electronics/Software/Graphics & Animation Software	None	None	None	None
com.indiaBulls	/Finance/Personal Loans	None	None	None	None
air.com.playtika.slotomania	/Games/Computer & Video Games	None	None	None	None
io.voodoo.paper2	/Games/Computer & Video Games/Casual Games	None	None	None	None
com.google.android.apps.youtube.kids	/Arts & Entertainment/Online Video	None	None	None	None
org.thoughtcrime.securesms	/Internet & Telecom/Text & Instant Messaging	None	None	None	None
fi.twomenandadog.zombiecatchers	/Games/Computer & Video Games/Action & Platform Games	None	None	None	None
com.haegin.playtogether	/Games/Computer & Video Games/Casual Games	None	None	None	None
com.taxsee.taxsee	/Travel & Transportation/Car Rentals	None	None	None	None
com.masomo.headball2	/Games/Computer & Video Games/Sports Games	/Sports/Soccer	None	None	None
com.rovio.angrybirdstransformers	/Games/Computer & Video Games/Casual Games	/Games/Computer & Video Games/Action & Platform Games	None	None	None
com.kreditpintar	/Finance/Personal Loans	None	None	None	None
free.tube.premium.advanced.tuber	/Arts & Entertainment/Online Video	None	None	None	None
ru.mail.mailapp	/Internet & Telecom/Email	None	None	None	None
com.gameloft.android.ANMP.GloftIAHM	/Games/Computer & Video Games/Casual Games	None	None	None	None
com.bigwinepot.nwdn.international	/Computers & Electronics/Software/Photo Software	None	None	None	None
com.playgendary.tom	/Games/Computer & Video Games/Casual Games	None	None	None	None
com.zentertain.photoeditor	/Computers & Electronics/Software/Photo Software	None	None	None	None
com.gameinsight.gobandroid	/Games/Computer & Video Games/Action & Platform Games	None	None	None	None
com.notdoppler.earntodie2	/Games/Computer & Video Games/Action & Platform Games	None	None	None	None
com.outfit7.talkingben	/Games/Computer & Video Games/Casual Games	None	None	None	None
com.easybrain.sudoku.android	/Games/Computer & Video Games	None	None	None	None
br.gov.caixa.fgts.trabalhador	/Finance/Financial Planning & Management/Retirement & Pension	None	None	None	None
com.azarlive.android	/Online Communities/Social Networks	None	None	None	None
com.riotgames.league.wildrift	/Games/Computer & Video Games/Action & Platform Games	/Games/Computer & Video Games/Strategy Games	None	None	None
com.freeplay.runandfight	/Games/Computer & Video Games/Action & Platform Games	/Games/Computer & Video Games/Casual Games	None	None	None
com.netease.chiji	/Games/Computer & Video Games/Action & Platform Games	/Games/Computer & Video Games/Adventure Games	None	None	None
com.apps.go.clean.boost.master	/Computers & Electronics/Antivirus & Malware	None	None	None	None
com.adobe.psmobile	/Computers & Electronics/Software/Photo Software	None	None	None	None
bubbleshooter.orig	/Games/Computer & Video Games/Casual Games	None	None	None	None
com.cisco.webex.meetings	/Internet & Telecom/Teleconferencing	None	None	None	None
com.king.candycrush4	/Games/Computer & Video Games/Casual Games	None	None	None	None
com.cleanteam.oneboost	/Computers & Electronics/Antivirus & Malware	None	None	None	None
com.natenai.glowhockey	/Games/Computer & Video Games/Casual Games	None	None	None	None
com.robtopx.geometrydashmeltdown	/Games/Computer & Video Games/Action & Platform Games	None	None	None	None
com.fortafygames.colorswitch	/Games/Computer & Video Games/Casual Games	None	None	None	None
air.au.com.metro.DumbWaysToDie2	/Games/Computer & Video Games/Casual Games	None	None	None	None
com.lyrebirdstudio.cartoon	/Computers & Electronics/Software/Photo Software	None	None	None	None
com.gamedevltd.modernstrike	/Games/Computer & Video Games/Action & Platform Games	None	None	None	None
com.playgendary.tanks	/Games/Computer & Video Games/Action & Platform Games	None	None	None	None
com.shopee.my	/Shopping	None	None	None	None
com.gameloft.android.ANMP.GloftUOHM	/Games/Card Games	None	None	None	None
com.mobirix.fishinghook	/Games/Computer & Video Games/Sports Games	/Games/Computer & Video Games/Simulation Games	None	None	None
com.ludia.jurassicworld	/Games/Computer & Video Games/Adventure Games	None	None	None	None
com.igg.castleclash_ru	/Games/Computer & Video Games/Strategy Games	None	None	None	None
com.ea.game.starwarscapital_row	/Games/Roleplaying Games	/Games/Computer & Video Games/Action & Platform Games	None	None	None
com.sidheinteractive.sif.DR	/Games/Computer & Video Games/Action & Platform Games	None	None	None	None
com.byjus.thelearningapp	/Jobs & Education/Education/Standardized & Admissions Tests	/Reference/Educational Resources	None	None	None
com.zynga.words	/Games/Computer & Video Games/Casual Games	None	None	None	None
com.king.candycrushjellysaga	/Games/Computer & Video Games/Casual Games	None	None	None	None
com.jetstartgames.chess	/Games/Computer & Video Games/Casual Games	None	None	None	None
com.disney.frozensaga_goo	/Games/Computer & Video Games/Casual Games	/Arts & Entertainment/Movies/Family Films	None	None	None
com.leo.appmaster	/Computers & Electronics/Network Security	None	None	None	None
com.igg.clashoflords2	/Games/Computer & Video Games/Strategy Games	None	None	None	None
com.herogame.gplay.hopelessland	/Games/Computer & Video Games/Action & Platform Games	None	None	None	None
com.rovio.angrybirdsseasons	/Games/Computer & Video Games/Casual Games	None	None	None	None
com.instabridge.android	/Computers & Electronics/Networking	None	None	None	None
com.ehawk.antivirus.applock.wifi	/Computers & Electronics/Antivirus & Malware	None	None	None	None
com.plarium.raidlegends	/Games/Roleplaying Games	/Games/Computer & Video Games	None	None	None
com.differencetenderwhite.skirt	/Games/Computer & Video Games/Casual Games	None	None	None	None
com.teenpatti.hd.gold	/Games/Computer & Video Games/Casual Games	None	None	None	None
com.groupon	/Shopping/Consumer Resources/Coupons & Discount Offers	None	None	None	None
com.google.android.apps.magazines	/News	None	None	None	None
com.mobilityware.solitaire	/Games/Card Games	/Games/Computer & Video Games	None	None	None
com.cardinalblue.piccollage.google	/Computers & Electronics/Software/Photo Software	None	None	None	None
com.ea.game.maddenmobile15_row	/Sports/American Football	/Games/Computer & Video Games/Sports Games	None	None	None
com.symantec.mobilesecurity	/Computers & Electronics/Antivirus & Malware	None	None	None	None
com.habby.archero	/Games/Computer & Video Games/Action & Platform Games	None	None	None	None
com.snowcorp.stickerly.android	/Computers & Electronics/Software/Photo Software	/Internet & Telecom/Text & Instant Messaging	None	None	None
com.tocaboca.tocakitchen2	/Games/Computer & Video Games/Casual Games	None	None	None	None
video.reface.app	/Computers & Electronics/Software/Photo Software	None	None	None	None
paint.by.number.pixel.art.coloring.drawing.puzzle	/Games/Drawing & Coloring	/Arts & Entertainment/Visual Art & Design/Painting	None	None	None
com.ftw_and_co.happn	/Online Communities/Dating & Personals	None	None	None	None
com.dnddream.headsoccer.android	/Games/Computer & Video Games/Sports Games	/Sports/Soccer	None	None	None
uk.co.aifactory.chessfree	/Games/Computer & Video Games	None	None	None	None
com.nintendo.zara	/Games/Computer & Video Games/Action & Platform Games	None	None	None	None
com.cyberlink.powerdirector.DRA140225_01	/Computers & Electronics/Software/Video Software	None	None	None	None
com.cheerfulinc.flipagram	/Computers & Electronics/Software/Video Software	None	None	None	None
com.pof.android	/Online Communities/Dating & Personals	None	None	None	None
com.zakg.scaryteacher.hellgame	/Games/Computer & Video Games/Adventure Games	None	None	None	None
com.nexters.herowars	/Games/Roleplaying Games	/Games/Computer & Video Games	None	None	None
io.voodoo.crowdcity	/Games/Computer & Video Games/Casual Games	None	None	None	None
com.apps.MyXL	/Internet & Telecom/Phone Service Providers	/Internet & Telecom/ISPs	None	None	None
net.mobilecraft.realbasketball	/Games/Computer & Video Games/Sports Games	/Sports/Basketball	None	None	None
com.scottgames.fnaf2demo	/Games/Computer & Video Games/Adventure Games	/Games/Computer & Video Games/Action & Platform Games	None	None	None
com.activision.callofduty.heroes	/Games/Computer & Video Games/Strategy Games	None	None	None	None
com.frogmind.badland	/Games/Computer & Video Games/Adventure Games	None	None	None	None
com.linktomorrow.windrunner	/Games/Computer & Video Games/Action & Platform Games	None	None	None	None
de.wetteronline.wetterapp	/News/Weather	None	None	None	None
com.hecorat.screenrecorder.free	/Computers & Electronics/Software/Video Software	None	None	None	None
com.bigbluebubble.singingmonsters.full	/Games/Computer & Video Games/Music & Dance Games	None	None	None	None
jp.naver.linecamera.android	/Computers & Electronics/Software/Photo Software	None	None	None	None
com.google.android.apps.youtube.creator	/Arts & Entertainment/Online Video	None	None	None	None
com.hitrock.hideonline	/Games/Computer & Video Games/Adventure Games	None	None	None	None
com.myyearbook.m	/Online Communities/Social Networks	None	None	None	None
com.shaiban.audioplayer.mplayer	/Arts & Entertainment/Music & Audio	None	None	None	None
com.time.trigger	/Games/Computer & Video Games/Action & Platform Games	/Games/Computer & Video Games/Casual Games	None	None	None
com.more.dayzsurvival.gp	/Games/Computer & Video Games/Action & Platform Games	/Games/Computer & Video Games/Strategy Games	None	None	None
com.cmplay.dancingline	/Games/Computer & Video Games/Casual Games	/Games/Computer & Video Games/Music & Dance Games	None	None	None
com.bitmango.rolltheballunrollme	/Games/Computer & Video Games/Casual Games	None	None	None	None
com.duckduckgo.mobile.android	/Computers & Electronics/Software/Web Browsers	/Computers & Electronics/Network Security	None	None	None
com.nexon.da3.global	/Games/Roleplaying Games	/Games/Computer & Video Games/Action & Platform Games	None	None	None
com.frontrow.vlog	/Computers & Electronics/Software/Video Software	None	None	None	None
com.wantu.activity	/Computers & Electronics/Software/Photo Software	None	None	None	None
com.tensquaregames.letsfish2	/Games/Computer & Video Games/Simulation Games	None	None	None	None
com.easybrain.make.music	/Computers & Electronics/Software/Audio & Music Software	None	None	None	None
com.ludia.dragons	/Games/Computer & Video Games/Adventure Games	None	None	None	None
com.olzhas.carparking.multyplayer	/Games/Computer & Video Games/Simulation Games	None	None	None	None
com.pacificinteractive.HouseOfFun	/Games/Computer & Video Games	None	None	None	None
in.redbus.android	/Travel & Transportation/Long Distance Bus & Rail	/Travel & Transportation/Hotels & Accommodations	None	None	None
com.ryzenrise.intromaker	/Computers & Electronics/Software/Video Software	None	None	None	None
com.nu.production	/Finance/Credit Cards	None	None	None	None
com.ohbibi.fps	/Games/Computer & Video Games/Action & Platform Games	None	None	None	None
com.playtika.wsop.gp	/Games/Computer & Video Games	None	None	None	None
com.path	/Online Communities/Social Networks	/Computers & Electronics/Software/Photo Software	None	None	None
com.octro.teenpatti	/Games/Computer & Video Games	None	None	None	None
com.dhqsolutions.enjoyphoto	/Computers & Electronics/Software/Photo Software	None	None	None	None
com.samsung.android.app.watchmanager	/Computers & Electronics/Consumer Electronics/Wearable Technology	None	None	None	None
com.niksoftware.snapseed	/Computers & Electronics/Software/Photo Software	None	None	None	None
com.chillingo.robberybobfree.android.row	/Games/Computer & Video Games/Action & Platform Games	None	None	None	None
com.cjenm.monster	/Games/Roleplaying Games	/Games/Computer & Video Games/Action & Platform Games	None	None	None
com.leftover.CoinDozer	/Games/Computer & Video Games	None	None	None	None
com.stupeflix.replay	/Computers & Electronics/Software/Video Software	None	None	None	None
com.aws.android	/News/Weather	None	None	None	None
com.bigduckgames.flow	/Games/Computer & Video Games/Casual Games	None	None	None	None
com.madfingergames.deadtrigger	/Games/Computer & Video Games/Adventure Games	None	None	None	None
de.motain.iliga	/Sports/Soccer	None	None	None	None
com.im30.ROE.gp	/Games/Computer & Video Games/Strategy Games	None	None	None	None
com.machinezone.gow	/Games/Computer & Video Games/Strategy Games	/Games/Computer & Video Games/Massively Multiplayer Games	None	None	None
com.media.music.mp3.musicplayer	/Arts & Entertainment/Music & Audio	None	None	None	None
com.forthblue.pool	/Games/Billiards	/Games/Computer & Video Games	None	None	None
com.gameloft.android.ANMP.GloftR2HM	/Games/Computer & Video Games/Sports Games	/Sports/Soccer	None	None	None
org.jw.jwlibrary.mobile	/Books & Literature	None	None	None	None
com.aviary.android.feather	/Computers & Electronics/Software/Photo Software	None	None	None	None
com.halfbrick.dantheman	/Games/Computer & Video Games/Action & Platform Games	None	None	None	None
ru.yandex.searchplugin	/Internet & Telecom/Search Engines	None	None	None	None
com.baviux.voicechanger	/Computers & Electronics/Software/Audio & Music Software	None	None	None	None
com.ChillyRoom.DungeonShooter	/Games/Computer & Video Games/Action & Platform Games	None	None	None	None
com.jaumo	/Online Communities/Dating & Personals	None	None	None	None
screenrecorder.recorder.editor	/Computers & Electronics/Software/Video Software	None	None	None	None
com.water.balls	/Games/Computer & Video Games/Casual Games	None	None	None	None
com.unicostudio.whois	/Games/Computer & Video Games/Casual Games	None	None	None	None
com.magicv.airbrush	/Computers & Electronics/Software/Photo Software	None	None	None	None
com.my.hc.rpg.kingdom.simulator	/Games/Computer & Video Games/Adventure Games	None	None	None	None
com.memrise.android.memrisecompanion	/Reference/Foreign Language Study	None	None	None	None
com.jellybtn.cashkingmobile	/Games/Computer & Video Games/Adventure Games	/Games/Computer & Video Games/Action & Platform Games	None	None	None
com.gameloft.android.ANMP.GloftIVHM	/Games/Computer & Video Games/Adventure Games	/Games/Computer & Video Games/Casual Games	None	None	None
com.yahoo.mobile.client.android.weather	/News/Weather	None	None	None	None
com.google.ar.lens	/Science/Augmented & Virtual Reality	None	None	None	None
com.PlayMax.playergames	/Games/Computer & Video Games/Casual Games	/Games/Computer & Video Games/Action & Platform Games	None	None	None
com.gameloft.android.ANMP.GloftIMHM	/Games/Computer & Video Games/Action & Platform Games	None	None	None	None
com.cricbuzz.android	/Sports/Cricket	None	None	None	None
com.axis.net	/Internet & Telecom/Phone Service Providers	None	None	None	None
com.gau.go.launcherex.gowidget.weatherwidget	/News/Weather	None	None	None	None
com.pixelberrystudios.choices	/Games/Computer & Video Games/Simulation Games	/Games/Computer & Video Games/Adventure Games	None	None	None
flipboard.app	/News	None	None	None	None
com.tfgco.games.strategy.free.castlecrush	/Games/Computer & Video Games/Strategy Games	None	None	None	None
com.tripadvisor.tripadvisor	/Travel & Transportation/Travel Guides & Travelogues	None	None	None	None
naukriApp.appModules.login	/Jobs & Education/Jobs/Job Listings	None	None	None	None
easy.sudoku.puzzle.solver.free	/Games/Computer & Video Games/Casual Games	None	None	None	None
com.maxmpz.audioplayer	/Arts & Entertainment/Music & Audio	None	None	None	None
com.disney.WMWLite	/Games/Computer & Video Games/Casual Games	None	None	None	None
com.riseup.game	/Games/Computer & Video Games/Casual Games	None	None	None	None
com.com2us.acefishing.normal.freefull.google.global.android.common	/Games/Computer & Video Games/Sports Games	None	None	None	None
com.tfgco.games.sports.free.tennis.clash	/Games/Computer & Video Games/Sports Games	/Sports/Tennis	None	None	None
com.glu.modwarsniper	/Games/Computer & Video Games/Action & Platform Games	None	None	None	None
com.cassette.aquapark	/Games/Computer & Video Games/Action & Platform Games	/Games/Computer & Video Games/Casual Games	None	None	None
jpark.AOS5	/Games/Computer & Video Games/Action & Platform Games	None	None	None	None
com.imo.android.imoimbeta	/Internet & Telecom/Text & Instant Messaging	None	None	None	None
com.miniclip.basketballstars	/Games/Computer & Video Games/Sports Games	/Sports/Basketball	None	None	None
com.estoty.game2048	/Games/Computer & Video Games/Casual Games	None	None	None	None
com.nautilus.RealCricket3D	/Games/Computer & Video Games/Sports Games	/Sports/Cricket	None	None	None
net.mobilecraft.flickshoot2	/Games/Computer & Video Games/Sports Games	None	None	None	None
com.zynga.looney	/Games/Computer & Video Games/Casual Games	/Games/Computer & Video Games/Action & Platform Games	None	None	None
com.gamehivecorp.taptitans	/Games/Roleplaying Games	/Games/Computer & Video Games/Adventure Games	None	None	None
com.campmobile.snow	/Computers & Electronics/Software/Photo Software	None	None	None	None
com.grabtaxi.driver2	/Travel & Transportation/Car Rentals	None	None	None	None
com.LoopGames.Domino	/Games/Computer & Video Games	None	None	None	None
dk.tactile.lilysgarden	/Games/Computer & Video Games/Casual Games	/Games/Computer & Video Games/Adventure Games	None	None	None
com.king.blossomblast	/Games/Computer & Video Games/Casual Games	None	None	None	None
com.app.downloadmanager	/Computers & Electronics/Software/Web Browsers	None	None	None	None
com.easybrain.jigsaw.puzzles	/Games/Computer & Video Games/Casual Games	None	None	None	None
com.pikpok.turbo	/Arts & Entertainment/Movies/Animated Films	None	None	None	None
com.google.android.apps.kids.familylink	/People & Society/Family & Relationships/Parenting	None	None	None	None
com.mgc.runnergame	/Games/Computer & Video Games/Casual Games	/Games/Computer & Video Games/Action & Platform Games	None	None	None
se.ace.fishinc	/Games/Computer & Video Games/Simulation Games	None	None	None	None
air.com.goodgamestudios.empirefourkingdoms	/Games/Computer & Video Games/Massively Multiplayer Games	/Games/Computer & Video Games/Strategy Games	None	None	None
com.macropinch.swan	/News/Weather	None	None	None	None
com.marsvard.stickermakerforwhatsapp	/Computers & Electronics/Software/Photo Software	None	None	None	None
com.outfit7.herodash	/Games/Computer & Video Games/Action & Platform Games	None	None	None	None
com.gismart.realpianofree	/Games/Computer & Video Games/Music & Dance Games	None	None	None	None
com.andi.alquran.id	/Books & Literature	None	None	None	None
com.loan.cash.credit.easy.dhan.quick.udhaar.lend.game.jaldi.paisa.borrow.rupee.play.kredit	/Finance/Personal Loans	None	None	None	None
air.WR3DFree	/Games/Computer & Video Games/Sports Games	None	None	None	None
br.com.santander.way	/Finance/Credit Cards	None	None	None	None
com.traveloka.android	/Travel & Transportation/Air Travel	/Travel & Transportation/Hotels & Accommodations	None	None	None
org.zwanoo.android.speedtest	/Computers & Electronics/Networking	None	None	None	None
com.mgc.miami.crime.simulator.two	/Games/Computer & Video Games/Action & Platform Games	/Games/Computer & Video Games/Adventure Games	None	None	None
com.braindom2riddle	/Games/Computer & Video Games	None	None	None	None
com.hyperkani.bomberfriends	/Games/Computer & Video Games/Action & Platform Games	None	None	None	None
com.matteljv.uno	/Games/Card Games	/Games/Computer & Video Games/Casual Games	None	None	None
com.manboker.headportrait	/Computers & Electronics/Software/Photo Software	None	None	None	None
com.turbochilli.rollingsky	/Games/Computer & Video Games/Casual Games	None	None	None	None
com.mgc.RopeHero.ViceTown	/Games/Computer & Video Games/Action & Platform Games	/Games/Computer & Video Games/Adventure Games	None	None	None
com.firsttouchgames.score	/Games/Computer & Video Games/Sports Games	None	None	None	None
com.titan.cd.gb	/Games/Computer & Video Games/Action & Platform Games	None	None	None	None
com.lidl.eci.lidlplus	/Food & Drink/Food & Grocery Retailers	/Shopping/Consumer Resources/Coupons & Discount Offers	None	None	None
com.naturalmotion.clumsyninja	/Games/Computer & Video Games/Casual Games	None	None	None	None
com.rovio.angrybirdsstarwarsii.ads	/Games/Computer & Video Games/Casual Games	None	None	None	None
com.telltalegames.walkingdead100	/Games/Computer & Video Games/Adventure Games	/Arts & Entertainment/TV Shows & Programs/TV Sci-Fi & Fantasy Shows	None	None	None
com.zeptolab.thieves.google	/Games/Computer & Video Games/Strategy Games	/Games/Computer & Video Games/Action & Platform Games	None	None	None
com.edjing.edjingdjturntable	/Computers & Electronics/Software/Audio & Music Software	None	None	None	None
com.gamegos.mobile.manorcafe	/Games/Computer & Video Games/Casual Games	None	None	None	None
com.gameloft.android.ANMP.GloftD4HM	/Games/Roleplaying Games	/Games/Computer & Video Games/Action & Platform Games	None	None	None
in.mohalla.video	/Computers & Electronics/Software/Photo Software	None	None	None	None
com.fungames.battletanksbeta	/Games/Computer & Video Games/Action & Platform Games	None	None	None	None
com.graymatrix.did	/Arts & Entertainment/TV Shows & Programs	None	None	None	None
com.bt.bms	/Arts & Entertainment/Movie Listings & Theater Showtimes	None	None	None	None
com.jb.security	/Computers & Electronics/Antivirus & Malware	None	None	None	None
com.askfm	/Online Communities/Social Networks	None	None	None	None
com.vsco.cam	/Computers & Electronics/Software/Photo Software	/Arts & Entertainment/Visual Art & Design/Photographic & Digital Arts	None	None	None
com.freshgames.escapethetitanic	/Games/Computer & Video Games/Casual Games	None	None	None	None
com.chanel.weather.forecast.accu	/News/Weather	None	None	None	None
net.peakgames.OkeyPlus	/Games/Computer & Video Games	None	None	None	None
com.rovio.angrybirdsspace.ads	/Games/Computer & Video Games/Casual Games	None	None	None	None
com.turkcell.bip	/Internet & Telecom/Text & Instant Messaging	None	None	None	None
com.rovio.BadPiggies	/Games/Computer & Video Games/Casual Games	None	None	None	None
com.runtastic.android	/Sports/Running & Walking	None	None	None	None
com.gramgames.mergedragons	/Games/Computer & Video Games/Casual Games	None	None	None	None
com.gameloft.android.ANMP.GloftCAHM	/Arts & Entertainment/Movies/Animated Films	None	None	None	None
video.downloader.videodownloader	/Computers & Electronics/Software/Video Software	None	None	None	None
com.rovio.angrybirdsstarwars.ads.iap	/Games/Computer & Video Games/Casual Games	None	None	None	None
video.player.videoplayer	/Computers & Electronics/Software/Video Software	None	None	None	None
com.makemytrip	/Travel & Transportation/Long Distance Bus & Rail	None	None	None	None
com.progrestar.bft	/Games/Computer & Video Games/Strategy Games	None	None	None	None
com.adobe.lrmobile	/Computers & Electronics/Software/Photo Software	None	None	None	None
com.game.SkaterBoy	/Games/Computer & Video Games/Action & Platform Games	/Games/Computer & Video Games/Casual Games	None	None	None
com.midasplayer.apps.diamonddiggersaga	/Games/Computer & Video Games/Casual Games	None	None	None	None
com.gta.real.gangster.crime	/Games/Computer & Video Games/Action & Platform Games	/Games/Computer & Video Games/Adventure Games	None	None	None
com.oneapp.max.cleaner.booster	/Computers & Electronics/Antivirus & Malware	None	None	None	None
com.skout.android	/Online Communities/Social Networks	None	None	None	None
com.careem.acma	/Travel & Transportation/Car Rentals	None	None	None	None
br.com.vivo	/Internet & Telecom/Phone Service Providers	None	None	None	None
de.lotum.whatsinthefoto.us	/Games/Computer & Video Games/Casual Games	None	None	None	None
com.pipcamera.activity	/Computers & Electronics/Software/Photo Software	None	None	None	None
com.auxbrain.egginc	/Games/Computer & Video Games/Casual Games	None	None	None	None
com.rioo.runnersubway	/Games/Computer & Video Games/Action & Platform Games	None	None	None	None
com.pixlr.express	/Computers & Electronics/Software/Photo Software	None	None	None	None
com.linecorp.LGTMTM	/Games/Computer & Video Games/Casual Games	None	None	None	None
com.bestcoolfungames.antsmasher	/Games/Computer & Video Games/Casual Games	/Games/Computer & Video Games/Action & Platform Games	None	None	None
com.strategygame.gameofwarriors	/Games/Computer & Video Games/Strategy Games	None	None	None	None
com.lyrebirdstudio.collage	/Computers & Electronics/Software/Photo Software	None	None	None	None
com.emeint.android.myservices	/Internet & Telecom/Phone Service Providers	None	None	None	None
com.roposo.android	/Online Communities/Social Networks	/Arts & Entertainment	None	None	None
com.contextlogic.geek	/Shopping/Consumer Resources/Coupons & Discount Offers	None	None	None	None
com.playgendary.partymasters	/Games/Computer & Video Games/Casual Games	None	None	None	None
com.yottagames.mafiawar	/Games/Computer & Video Games/Strategy Games	None	None	None	None
software.simplicial.nebulous	/Games/Computer & Video Games/Casual Games	None	None	None	None
com.soccer.score.star	/Games/Computer & Video Games/Sports Games	None	None	None	None
br.com.mobits.cartolafc	/Sports/Fantasy Sports	/Sports/Soccer	None	None	None
com.threed.bowling	/Games/Computer & Video Games/Sports Games	None	None	None	None
logos.quiz.companies.game	/Games/Computer & Video Games	None	None	None	None
com.rsupport.mobizen.sec	/Computers & Electronics/Software/Video Software	None	None	None	None
com.outfit7.mytalkinghank	/Games/Computer & Video Games/Casual Games	None	None	None	None
com.sgn.pandapop.gp	/Games/Computer & Video Games/Casual Games	None	None	None	None
com.rovio.angrybirdsfriends	/Games/Computer & Video Games/Casual Games	None	None	None	None
com.fingersoft.benjibananas	/Games/Computer & Video Games/Action & Platform Games	/Games/Computer & Video Games/Casual Games	None	None	None
com.p1.mobile.putong	/Online Communities/Dating & Personals	None	None	None	None
com.ketchapp.rider	/Games/Computer & Video Games/Casual Games	None	None	None	None
com.bandainamcogames.dbzdokkanww	/Games/Computer & Video Games/Action & Platform Games	None	None	None	None
jp.naver.SJLGPP	/Games/Computer & Video Games/Casual Games	None	None	None	None
com.paradyme.solarsmash	/Games/Computer & Video Games/Simulation Games	/Games/Computer & Video Games/Casual Games	None	None	None
com.secondarm.taptapdash	/Games/Computer & Video Games/Casual Games	None	None	None	None
at.nerbrothers.SuperJump	/Games/Computer & Video Games/Action & Platform Games	None	None	None	None
com.funcamerastudio.videomaker	/Computers & Electronics/Software/Video Software	None	None	None	None
com.outfit7.tomlovesangelafree	/Games/Computer & Video Games/Casual Games	None	None	None	None
com.jb.zcamera	/Computers & Electronics/Software/Photo Software	None	None	None	None
com.king.farmheroessupersaga	/Games/Computer & Video Games/Casual Games	None	None	None	None
com.drweb	/Computers & Electronics/Antivirus & Malware	None	None	None	None
net.supertreat.solitaire	/Games/Card Games	/Games/Computer & Video Games	None	None	None
com.oovoo	/Internet & Telecom/Text & Instant Messaging	None	None	None	None
com.unicostudio.braintest2new	/Games/Computer & Video Games	None	None	None	None
com.magisto	/Computers & Electronics/Software/Video Software	None	None	None	None
air.com.sgn.cookiejam.gp	/Games/Computer & Video Games/Casual Games	None	None	None	None
com.Project100Pi.themusicplayer	/Computers & Electronics/Software/Audio & Music Software	None	None	None	None
com.nordcurrent.Games101	/Games/Computer & Video Games/Casual Games	None	None	None	None
com.izmo.onlinekafatopu	/Games/Computer & Video Games/Casual Games	/Games/Computer & Video Games/Sports Games	None	None	None
com.lima.doodlejump	/Games/Computer & Video Games/Action & Platform Games	/Games/Computer & Video Games/Casual Games	None	None	None
com.garena.game.kgid	/Games/Computer & Video Games/Action & Platform Games	/Games/Roleplaying Games	/Games/Computer & Video Games/Strategy Games	None	None
io.voodoo.holeio	/Games/Computer & Video Games/Casual Games	None	None	None	None
org.nanobit.mystory	/Games/Computer & Video Games/Simulation Games	/Games/Computer & Video Games/Casual Games	None	None	None
com.baidu.browser.inter	/Computers & Electronics/Software/Web Browsers	None	None	None	None
com.moonton.magicrush	/Games/Roleplaying Games	/Games/Computer & Video Games/Strategy Games	None	None	None
com.cmcm.whatscall	/Internet & Telecom/Text & Instant Messaging	None	None	None	None
com.omgpop.dstfree	/Games/Drawing & Coloring	/Games/Computer & Video Games/Casual Games	None	None	None
com.lookout	/Computers & Electronics/Antivirus & Malware	None	None	None	None
com.crowdstar.covetHome	/Games/Computer & Video Games/Casual Games	/Home & Garden/Home & Interior Decor	None	None	None
com.robtopx.geometrydashworld	/Games/Computer & Video Games/Action & Platform Games	None	None	None	None
com.sbi.lotusintouch	/Finance/Investing	/Shopping	None	None	None
com.dragonplay.liveholdempro	/Games/Computer & Video Games/Casual Games	None	None	None	None
com.ubisoft.dance.JustDance	/Games/Computer & Video Games/Music & Dance Games	None	None	None	None
com.rtsoft.growtopia	/Games/Computer & Video Games/Massively Multiplayer Games	None	None	None	None
com.outfit7.mytalkingangela2	/Games/Computer & Video Games/Casual Games	None	None	None	None
com.ngame.allstar.eu	/Games/Computer & Video Games/Strategy Games	/Games/Computer & Video Games/Action & Platform Games	None	None	None
at.ner.lepsWorld2	/Games/Computer & Video Games/Action & Platform Games	None	None	None	None
com.funplus.kingofavalon	/Games/Computer & Video Games/Strategy Games	None	None	None	None
com.firsttouchgames.fts15	/Games/Computer & Video Games/Sports Games	/Sports/Soccer	None	None	None
com.tapblaze.pizzabusiness	/Games/Computer & Video Games/Casual Games	None	None	None	None
sortpuz.water.sort.puzzle.game	/Games/Computer & Video Games/Casual Games	None	None	None	None
com.cg.tennis	/Games/Computer & Video Games/Sports Games	None	None	None	None
br.com.escolhatecnologia.vozdonarrador	/Computers & Electronics/Software/Audio & Music Software	None	None	None	None
com.loan.cash.credit.easy.kilat.cepat.pinjam.uang.dana.rupiah	/Finance/Personal Loans	None	None	None	None
com.kitkagames.fallbuddies	/Games/Computer & Video Games/Action & Platform Games	/Games/Computer & Video Games/Casual Games	None	None	None
com.rocket.tools.clean.antivirus.master	/Computers & Electronics/Antivirus & Malware	None	None	None	None
com.peoplefun.wordcross	/Games/Computer & Video Games	None	None	None	None
com.midasplayer.apps.papapearsaga	/Games/Computer & Video Games/Casual Games	None	None	None	None
com.scottgames.fnaf3demo	/Games/Computer & Video Games/Adventure Games	None	None	None	None
com.facebook.moments	/Online Communities/Social Networks	None	None	None	None
com.tmob.AveaOIM	/Internet & Telecom/Phone Service Providers	None	None	None	None
com.wooga.diamonddash	/Games/Computer & Video Games/Casual Games	None	None	None	None
com.wildlife.games.battle.royale.free.zooba	/Games/Computer & Video Games/Action & Platform Games	/Games/Computer & Video Games/Adventure Games	None	None	None
com.beetalk	/Internet & Telecom/Text & Instant Messaging	None	None	None	None
com.enflick.android.TextNow	/Internet & Telecom/Text & Instant Messaging	None	None	None	None
com.king.pyramidsolitairesaga	/Games/Card Games	/Games/Computer & Video Games	None	None	None
net.lovoo.android	/Online Communities/Dating & Personals	/Online Communities/Forum & Chat Providers	None	None	None
com.wordgame.words.connect	/Games/Computer & Video Games	None	None	None	None
com.avcrbt.funimate	/Computers & Electronics/Software/Video Software	None	None	None	None
br.com.timbrasil.meutim	/Internet & Telecom/Phone Service Providers	None	None	None	None
com.g5e.hiddencity.android	/Games/Computer & Video Games/Adventure Games	None	None	None	None
pl.lukok.draughts	/Games/Computer & Video Games	None	None	None	None
com.mytona.cookingdiary.android	/Games/Computer & Video Games/Casual Games	None	None	None	None
com.no.color	/Games/Drawing & Coloring	None	None	None	None
ru.beeline.services	/Internet & Telecom/Phone Service Providers	None	None	None	None
com.adobe.air	/Games/Computer & Video Games	None	None	None	None
com.michatapp.im	/Online Communities/Dating & Personals	None	None	None	None
com.miniclip.railrush	/Games/Computer & Video Games/Action & Platform Games	None	None	None	None
com.ufotosoft.justshot	/Computers & Electronics/Software/Photo Software	None	None	None	None
com.yx.boxinghero	/Games/Computer & Video Games/Sports Games	/Sports/Boxing	None	None	None
com.ketchapp.knifehit	/Games/Computer & Video Games/Casual Games	None	None	None	None
com.vng.pubgmobile	/Games/Computer & Video Games/Action & Platform Games	None	None	None	None
com.zrgiu.antivirus	/Computers & Electronics/Antivirus & Malware	None	None	None	None
com.lucasarts.starts_goo	/Games/Computer & Video Games/Strategy Games	None	None	None	None
com.google.android.ims	/Internet & Telecom/Text & Instant Messaging	None	None	None	None
com.aceviral.angrygranrun	/Games/Computer & Video Games/Action & Platform Games	None	None	None	None
com.fanatee.cody	/Games/Computer & Video Games	None	None	None	None
com.bello.shootingworld	/Games/Computer & Video Games/Simulation Games	None	None	None	None
tv.accedo.airtel.wynk	/Arts & Entertainment/TV Shows & Programs	None	None	None	None
com.innogames.foeandroid	/Games/Computer & Video Games/Strategy Games	None	None	None	None
com.jellyblast.cmcm	/Games/Computer & Video Games/Casual Games	None	None	None	None
com.zentertain.photocollage	/Computers & Electronics/Software/Photo Software	None	None	None	None
com.azurgames.stackball	/Games/Computer & Video Games/Casual Games	/Games/Computer & Video Games/Action & Platform Games	None	None	None
com.musicplayer.playermusic	/Arts & Entertainment/Music & Audio	None	None	None	None
com.huya.nimo	/Games/Computer & Video Games/Competitive Video Gaming	None	None	None	None
com.tencent.wesing	/Computers & Electronics/Software/Audio & Music Software	None	None	None	None
com.nike.plusgps	/Sports/Running & Walking	None	None	None	None
com.vizorapps.klondike	/Games/Computer & Video Games/Casual Games	None	None	None	None
game.bubble.shooter.dragon.pop	/Games/Computer & Video Games/Casual Games	None	None	None	None
com.gameloft.android.ANMP.GloftFWHM	/Games/Computer & Video Games/Action & Platform Games	None	None	None	None
com.weplaydots.twodotsandroid	/Games/Computer & Video Games/Casual Games	None	None	None	None
block.app.wars	/Games/Computer & Video Games/Adventure Games	None	None	None	None
com.miui.weather2	/News/Weather	None	None	None	None
pedometer.steptracker.calorieburner.stepcounter	/Beauty & Fitness/Fitness	None	None	None	None
net.wooga.junes_journey_hidden_object_mystery_game	/Games/Computer & Video Games/Adventure Games	/Games/Computer & Video Games/Casual Games	None	None	None
at.ner.lepsWorld3Plus	/Games/Computer & Video Games/Action & Platform Games	None	None	None	None
com.puppy.merge.town	/Games/Computer & Video Games/Casual Games	None	None	None	None
com.tinyco.familyguy	/Games/Computer & Video Games/Adventure Games	None	None	None	None
com.hyperspeed.rocketclean.pro	/Computers & Electronics/Antivirus & Malware	None	None	None	None
com.media.bestrecorder.audiorecorder	/Computers & Electronics/Software/Audio & Music Software	None	None	None	None
com.sundaytoz.mobile.anipang2.google.kakao.service	/Games/Computer & Video Games/Casual Games	None	None	None	None
com.futureplay.battleground	/Games/Computer & Video Games/Action & Platform Games	None	None	None	None
com.generagames.soccerstarleaguesfootball	/Games/Computer & Video Games/Sports Games	None	None	None	None
com.smule.magicpiano	/Games/Computer & Video Games/Music & Dance Games	None	None	None	None
com.edkongames.mobs	/Games/Computer & Video Games/Action & Platform Games	None	None	None	None
com.game5mobile.lineandwater	/Games/Computer & Video Games	None	None	None	None
com.playflock.indianacat	/Games/Computer & Video Games/Casual Games	None	None	None	None
com.gamestar.perfectpiano	/Computers & Electronics/Software/Audio & Music Software	None	None	None	None
com.sandboxol.indiegame.bedwar	/Games/Computer & Video Games/Strategy Games	/Games/Computer & Video Games/Adventure Games	/Games/Computer & Video Games/Action & Platform Games	None	None
com.droidhang.ad	/Games/Roleplaying Games	/Games/Computer & Video Games	None	None	None
com.devsisters.gb	/Games/Computer & Video Games/Action & Platform Games	/Games/Computer & Video Games/Casual Games	None	None	None
com.xmgame.savethegirl	/Games/Computer & Video Games/Casual Games	None	None	None	None
com.apusapps.tools.unreadtips	/Internet & Telecom/Text & Instant Messaging	None	None	None	None
com.neuralprisma	/Computers & Electronics/Software/Photo Software	None	None	None	None
com.agminstruments.drumpadmachine	/Computers & Electronics/Software/Audio & Music Software	None	None	None	None
com.plarium.vikings	/Games/Computer & Video Games/Strategy Games	None	None	None	None
com.turbo.stars	/Games/Computer & Video Games/Action & Platform Games	/Games/Computer & Video Games/Casual Games	None	None	None
com.gamehivecorp.taptitans2	/Games/Roleplaying Games	None	None	None	None
com.instagram.layout	/Computers & Electronics/Software/Photo Software	None	None	None	None
com.bpjstku	/Finance/Insurance/Health Insurance	/Finance/Financial Planning & Management/Retirement & Pension	None	None	None
com.steam.photoeditor	/Computers & Electronics/Software/Photo Software	None	None	None	None
com.funtomic.matchmasters	/Games/Computer & Video Games/Casual Games	None	None	None	None
com.dvloper.grannychaptertwo	/Games/Computer & Video Games/Adventure Games	None	None	None	None
com.Upperpik.HairChallenge	/Games/Computer & Video Games/Casual Games	/Games/Computer & Video Games/Action & Platform Games	None	None	None
com.radio.pocketfm	/Computers & Electronics/Software/Audio & Music Software	None	None	None	None
me.mycake	/Reference/Foreign Language Study	None	None	None	None
net.froemling.bombsquad	/Games/Computer & Video Games/Action & Platform Games	None	None	None	None
com.game.space.shooter2	/Games/Computer & Video Games/Casual Games	None	None	None	None
com.firsttouchgames.smp	/Games/Computer & Video Games/Sports Games	/Sports/Soccer	None	None	None
com.gameloft.android.ANMP.GloftR7HM	/Games/Computer & Video Games/Sports Games	/Sports/Soccer	None	None	None
com.mobile.bizo.reverse	/Computers & Electronics/Software/Video Software	None	None	None	None
com.turner.cardwars2	/Games/Card Games	/Games/Computer & Video Games/Adventure Games	None	None	None
air.com.buffalo_studios.newflashbingo	/Games/Computer & Video Games	None	None	None	None
com.junerking.archery	/Games/Computer & Video Games/Sports Games	None	None	None	None
com.crazylabs.lady.bug	/Games/Computer & Video Games/Action & Platform Games	None	None	None	None
se.maginteractive.wordbrain	/Games/Computer & Video Games	None	None	None	None
com.spilgames.mydolphinshow	/Games/Computer & Video Games/Casual Games	None	None	None	None
com.ge.capital.konysbiapp	/Finance/Credit Cards	None	None	None	None
com.bubadu.bubbu	/Games/Computer & Video Games/Casual Games	None	None	None	None
com.asobimo.toramonline	/Games/Roleplaying Games	/Games/Computer & Video Games/Massively Multiplayer Games	None	None	None
com.noxgroup.app.security	/Computers & Electronics/Antivirus & Malware	None	None	None	None
com.samsung.android.voc	/Internet & Telecom/Smart Phones	None	None	None	None
com.dailymotion.dailymotion	/Arts & Entertainment/Online Video	None	None	None	None
com.eset.ems2.gp	/Computers & Electronics/Antivirus & Malware	None	None	None	None
com.novapontocom.casasbahia	/Home & Garden/Home Appliances	None	None	None	None
com.madhead.tos.zh	/Games/Computer & Video Games/Casual Games	/Games/Computer & Video Games/Strategy Games	None	None	None
com.droid27.transparentclockweather	/News/Weather	None	None	None	None
com.rcplatform.nocrop	/Computers & Electronics/Software/Photo Software	None	None	None	None
drug.vokrug	/Online Communities/Social Networks	None	None	None	None
com.videoeditorpro.android	/Computers & Electronics/Software/Video Software	None	None	None	None
com.ketchapp.zigzaggame	/Games/Computer & Video Games/Casual Games	None	None	None	None
com.popularapp.videodownloaderforinstagram	/Computers & Electronics/Software/Video Software	None	None	None	None
com.handmark.expressweather	/News/Weather	None	None	None	None
com.gtarcade.lod	/Games/Roleplaying Games	None	None	None	None
com.cjenm.sknights	/Games/Roleplaying Games	None	None	None	None
com.bandainamcoent.ninjavoltage_app	/Games/Computer & Video Games/Action & Platform Games	/Games/Computer & Video Games/Strategy Games	None	None	None
cn.jingling.motu.photowonder	/Computers & Electronics/Software/Photo Software	None	None	None	None
com.PoxelStudios.DudeTheftAuto	/Games/Computer & Video Games/Action & Platform Games	/Games/Computer & Video Games/Adventure Games	None	None	None
com.playagames.shakesfidget	/Games/Roleplaying Games	None	None	None	None
com.vodafone.selfservis	/Internet & Telecom/Phone Service Providers	None	None	None	None
com.vuclip.viu	/Arts & Entertainment/Movies	/Arts & Entertainment/TV Shows & Programs	None	None	None
com.moistrue.zombiesmasher	/Games/Computer & Video Games/Casual Games	/Games/Computer & Video Games/Action & Platform Games	None	None	None
com.clean.road	/Games/Computer & Video Games/Casual Games	None	None	None	None
com.ction.playergames	/Games/Computer & Video Games/Casual Games	None	None	None	None
com.ubisoft.assassin.pirates	/Games/Computer & Video Games/Adventure Games	/Games/Computer & Video Games/Action & Platform Games	None	None	None
com.shootbubble.bubbledexlue	/Games/Computer & Video Games/Casual Games	None	None	None	None
com.dreame.reader	/Books & Literature	None	None	None	None
com.ninjakiwi.bloonstdbattles	/Games/Computer & Video Games/Strategy Games	None	None	None	None
com.valvesoftware.android.steam.community	/Online Communities	None	None	None	None
com.motionvolt.flipdiving	/Games/Computer & Video Games/Sports Games	/Games/Computer & Video Games/Casual Games	None	None	None
com.alensw.PicFolder	/Computers & Electronics/Software/Photo Software	None	None	None	None
jp.pokemon.pokemonunite	/Games/Computer & Video Games/Casual Games	/Games/Computer & Video Games/Action & Platform Games	None	None	None
aplicacion.tiempo	/News/Weather	None	None	None	None
com.melodis.midomiMusicIdentifier.freemium	/Computers & Electronics/Software/Audio & Music Software	None	None	None	None
com.cyberlink.photodirector	/Computers & Electronics/Software/Photo Software	None	None	None	None
com.yodo1.rodeo.safari	/Games/Computer & Video Games/Action & Platform Games	/Games/Computer & Video Games/Casual Games	None	None	None
com.orangeapps.piratetreasure	/Games/Computer & Video Games/Casual Games	None	None	None	None
com.smartfren	/Internet & Telecom/Phone Service Providers	None	None	None	None
com.graph.weather.forecast.channel	/News/Weather	None	None	None	None
com.funnypuri.client	/Computers & Electronics/Software/Video Software	/Online Communities/Social Networks	None	None	None
com.CultureAlley.japanese.english	/Reference/Foreign Language Study	None	None	None	None
com.famousbluemedia.yokee	/Games/Computer & Video Games/Music & Dance Games	None	None	None	None
com.game.BMX_Boy	/Games/Computer & Video Games/Action & Platform Games	None	None	None	None
com.apalon.weatherlive.free	/News/Weather	None	None	None	None
slots.pcg.casino.games.free.android	/Games/Computer & Video Games	None	None	None	None
im.thebot.messenger	/Internet & Telecom/Text & Instant Messaging	None	None	None	None
com.dreamplug.androidapp	/Finance/Credit Cards	None	None	None	None
com.aa.generaladaptiveapps	/Games/Computer & Video Games/Casual Games	None	None	None	None
com.generamobile.headsoccerlaliga	/Games/Computer & Video Games/Sports Games	None	None	None	None
com.nordcurrent.murderinalps	/Games/Computer & Video Games/Adventure Games	None	None	None	None
com.uc.iflow	/News	None	None	None	None
com.pacybits.fut19draft	/Sports/Soccer	/Games/Computer & Video Games/Sports Games	None	None	None
com.railyatri.in.mobile	/Travel & Transportation/Long Distance Bus & Rail	None	None	None	None
com.luizalabs.mlapp	/Shopping	None	None	None	None
com.g5e.secretsociety	/Games/Computer & Video Games/Adventure Games	None	None	None	None
com.chillingo.robberybob2.android.gplay	/Games/Computer & Video Games/Action & Platform Games	/Games/Computer & Video Games/Adventure Games	None	None	None
mobi.wifi.toolbox	/Computers & Electronics/Networking	None	None	None	None
com.turborocketgames.wildcraft	/Games/Computer & Video Games/Simulation Games	None	None	None	None
com.epicwaronline.ms	/Games/Computer & Video Games/Strategy Games	/Games/Computer & Video Games/Massively Multiplayer Games	None	None	None
com.oneapp.max.security.pro	/Computers & Electronics/Antivirus & Malware	None	None	None	None
com.samsung.android.oneconnect	/Computers & Electronics/Consumer Electronics/Home Automation	None	None	None	None
com.fintopia.idnEasycash.google	/Finance/Personal Loans	None	None	None	None
com.scottgames.fnaf4demo	/Games/Computer & Video Games/Adventure Games	None	None	None	None
com.aldagames.zombieshooter	/Games/Computer & Video Games/Action & Platform Games	None	None	None	None
com.google.android.apps.searchlite	/Internet & Telecom/Search Engines	None	None	None	None
com.atomic.apps.ringtone.cutter	/Computers & Electronics/Software/Audio & Music Software	None	None	None	None
com.rapido.passenger	/Travel & Transportation/Car Rentals	None	None	None	None
com.cheshirex.murderus	/Games/Computer & Video Games/Action & Platform Games	/Games/Computer & Video Games/Adventure Games	None	None	None
org.reyfasoft.reinavalera1960	/Books & Literature	None	None	None	None
com.gamevil.kritikamobile.android.google.global.normal	/Games/Roleplaying Games	/Games/Computer & Video Games/Action & Platform Games	None	None	None
com.music.player.mp3player.white	/Computers & Electronics/Software/Audio & Music Software	None	None	None	None
com.meitu.makeup	/Computers & Electronics/Software/Photo Software	None	None	None	None
com.namcobandaigames.pacmantournaments	/Games/Computer & Video Games/Casual Games	None	None	None	None
instake.repost.instagramphotodownloader.instagramvideodownloader	/Online Communities/Social Networks	None	None	None	None
com.playgendary.hitmasters	/Games/Computer & Video Games/Action & Platform Games	/Games/Computer & Video Games/Casual Games	None	None	None
com.longtech.lastwars.gp	/Games/Computer & Video Games/Strategy Games	None	None	None	None
mbinc12.mb32b	/Arts & Entertainment/Online Video	None	None	None	None
com.azure.authenticator	/Computers & Electronics/Network Security	None	None	None	None
com.indodana.app	/Finance/Personal Loans	None	None	None	None
com.king.crash	/Games/Computer & Video Games/Action & Platform Games	None	None	None	None
com.outplayentertainment.aliencreeps	/Games/Computer & Video Games/Strategy Games	None	None	None	None
com.nextwave.wcc_lt	/Games/Computer & Video Games/Sports Games	None	None	None	None
com.fungamesforfree.colorfy	/Games/Drawing & Coloring	/Arts & Entertainment/Visual Art & Design	None	None	None
ru.tele2.mytele2	/Internet & Telecom/Phone Service Providers	None	None	None	None
com.xiaomi.smarthome	/Computers & Electronics/Consumer Electronics/Home Automation	None	None	None	None
com.rovio.BadPiggiesHD	/Games/Computer & Video Games/Casual Games	None	None	None	None
com.addictive.strategy.army	/Games/Computer & Video Games/Strategy Games	/Games/Computer & Video Games/Casual Games	None	None	None
com.taggedapp	/Online Communities/Dating & Personals	/Internet & Telecom/Text & Instant Messaging	None	None	None
com.balancehero.truebalance	/Internet & Telecom/Phone Service Providers	None	None	None	None
cc.pacer.androidapp	/Beauty & Fitness/Fitness	None	None	None	None
com.linktomorrow.candypang	/Games/Computer & Video Games/Casual Games	None	None	None	None
com.fungamesforfree.snipershooter.free	/Games/Computer & Video Games/Action & Platform Games	None	None	None	None
com.videoshop.app	/Computers & Electronics/Software/Video Software	None	None	None	None
com.imdb.mobile	/Arts & Entertainment/Movie Listings & Theater Showtimes	None	None	None	None
com.etisalat	/Internet & Telecom/Phone Service Providers	None	None	None	None
mobi.gameguru.slapkings	/Games/Computer & Video Games/Action & Platform Games	/Games/Computer & Video Games/Casual Games	None	None	None
com.vzw.hss.myverizon	/Internet & Telecom/Phone Service Providers	None	None	None	None
com.asiainno.uplive.aiglamour	/Online Communities/Dating & Personals	None	None	None	None
com.cloudmosa.puffinFree	/Computers & Electronics/Software/Web Browsers	None	None	None	None
loseweight.weightloss.workout.fitness	/Beauty & Fitness/Fitness	None	None	None	None
com.swiftappskom.thewolfrpg	/Games/Roleplaying Games	/Games/Computer & Video Games/Simulation Games	None	None	None
com.netmarble.btsw	/Games/Computer & Video Games/Music & Dance Games	/Games/Roleplaying Games	None	None	None
com.handycloset.android.eraser	/Computers & Electronics/Software/Photo Software	None	None	None	None
puzzle.blockpuzzle.cube.relax	/Games/Computer & Video Games/Casual Games	None	None	None	None
com.robtopx.geometryjump	/Games/Computer & Video Games/Action & Platform Games	None	None	None	None
com.arcsys.tictactoe	/Games/Computer & Video Games/Casual Games	None	None	None	None
com.app.tgtg	/Shopping/Consumer Resources/Coupons & Discount Offers	None	None	None	None
com.devsisters.ck	/Games/Roleplaying Games	/Games/Computer & Video Games/Action & Platform Games	None	None	None
com.square_enix.android_googleplay.FFBEWW	/Games/Roleplaying Games	None	None	None	None
com.superevilmegacorp.game	/Games/Computer & Video Games/Action & Platform Games	/Games/Computer & Video Games/Strategy Games	None	None	None
com.coldapp.at50rooms1	/Games/Computer & Video Games/Adventure Games	None	None	None	None
ru.mail.games.android.JungleHeat	/Games/Computer & Video Games/Strategy Games	None	None	None	None
com.BeresnevGames.Knife	/Games/Computer & Video Games/Casual Games	None	None	None	None
com.ideacellular.myidea	/Internet & Telecom/Phone Service Providers	None	None	None	None
gbis.gbandroid	/Autos & Vehicles/Gas Prices & Vehicle Fueling	None	None	None	None
com.movisoftnew.videoeditor	/Computers & Electronics/Software/Video Software	None	None	None	None
com.nextgames.android.twd	/Games/Computer & Video Games/Adventure Games	None	None	None	None
com.hotdog.tinybattle	/Games/Computer & Video Games/Casual Games	None	None	None	None
ocean.nomad.survival.simulator	/Games/Computer & Video Games/Action & Platform Games	/Games/Computer & Video Games/Simulation Games	None	None	None
com.lego.city.my_city	/Games/Computer & Video Games/Action & Platform Games	/Games/Computer & Video Games/Adventure Games	None	None	None
com.maroieqrwlk.unpin	/Games/Computer & Video Games/Casual Games	None	None	None	None
com.Garawell.BridgeRace	/Games/Computer & Video Games/Casual Games	None	None	None	None
com.brave.browser	/Computers & Electronics/Software/Web Browsers	/Computers & Electronics/Network Security	None	None	None
com.nekki.vector2	/Games/Computer & Video Games/Action & Platform Games	None	None	None	None
com.outfit7.gingersbirthdayfree	/Games/Computer & Video Games/Casual Games	None	None	None	None
com.ea.gp.fifaworld	/Games/Computer & Video Games/Sports Games	/Sports/Soccer	None	None	None
com.gamehivecorp.beattheboss3	/Games/Computer & Video Games/Casual Games	None	None	None	None
com.meihillman.ringtonemaker	/Computers & Electronics/Software/Audio & Music Software	None	None	None	None
br.pipacombate.maiworm	/Games/Computer & Video Games/Casual Games	None	None	None	None
com.wordsmobile.gunship	/Games/Computer & Video Games/Action & Platform Games	None	None	None	None
games.onebutton.golfbattle	/Games/Computer & Video Games/Sports Games	/Games/Computer & Video Games/Casual Games	None	None	None
com.playappking.busrush	/Games/Computer & Video Games/Action & Platform Games	None	None	None	None
com.internet.speedtest.check.wifi.meter	/Computers & Electronics/Networking	None	None	None	None
com.moonton.mobilehero	/Games/Roleplaying Games	/Games/Computer & Video Games/Casual Games	None	None	None
com.wsandroid.suite	/Computers & Electronics/Antivirus & Malware	None	None	None	None
jp.co.ofcr.cm00	/Games/Computer & Video Games/Casual Games	None	None	None	None
com.studiowildcard.wardrumstudios.ark	/Games/Roleplaying Games	/Games/Computer & Video Games/Action & Platform Games	None	None	None
com.fsn.nykaa	/Beauty & Fitness/Face & Body Care	None	None	None	None
com.robuxfree.ROBLOX.calculator	/Games/Computer & Video Games/Massively Multiplayer Games	None	None	None	None
com.newbiz.mvmaster	/Computers & Electronics/Software/Video Software	None	None	None	None
com.topface.kisskiss	/Online Communities/Dating & Personals	None	None	None	None
com.edadeal.android	/Food & Drink/Food & Grocery Retailers	/People & Society/Family & Relationships/Parenting/Babies & Toddlers	None	None	None
com.game.foldpuzzle	/Games/Computer & Video Games/Casual Games	None	None	None	None
pl.idreams.potterylite	/Games/Computer & Video Games/Casual Games	None	None	None	None
com.wb.wwe.brawler2014	/Games/Computer & Video Games/Action & Platform Games	None	None	None	None
com.playgendary.ktb2	/Games/Computer & Video Games/Casual Games	None	None	None	None
com.buddyloan.vls	/Finance/Personal Loans	None	None	None	None
com.ea.gp.minions	/Games/Computer & Video Games/Casual Games	None	None	None	None
com.hidea.cat	/Games/Computer & Video Games/Casual Games	None	None	None	None
com.ftt.boxingstar.gl.aos	/Games/Computer & Video Games/Sports Games	None	None	None	None
ru.hh.android	/Jobs & Education/Jobs/Job Listings	None	None	None	None
com.oyo.consumer	/Travel & Transportation/Hotels & Accommodations	None	None	None	None
com.secretexit.turbodismount	/Games/Computer & Video Games/Action & Platform Games	/Games/Computer & Video Games/Simulation Games	None	None	None
com.nexonm.dominations.adk	/Games/Computer & Video Games/Strategy Games	None	None	None	None
com.arcsoft.perfect365	/Computers & Electronics/Software/Photo Software	/Beauty & Fitness/Face & Body Care/Make-Up & Cosmetics	None	None	None
com.game.JewelsStar	/Games/Computer & Video Games/Casual Games	None	None	None	None
com.scoompa.collagemaker	/Computers & Electronics/Software/Photo Software	None	None	None	None
com.gameloft.android.ANMP.GloftOLHM	/Games/Computer & Video Games/Action & Platform Games	/Games/Computer & Video Games/Adventure Games	None	None	None
com.crowdstar.covetfashion	/Beauty & Fitness/Fashion & Style	None	None	None	None
com.pnixgames.minigolfking	/Games/Computer & Video Games/Sports Games	/Games/Computer & Video Games/Massively Multiplayer Games	None	None	None
com.vicman.toonmeapp	/Computers & Electronics/Software/Photo Software	None	None	None	None
mobi.charmer.fotocollage	/Computers & Electronics/Software/Photo Software	None	None	None	None
com.igg.android.omegalegends	/Games/Roleplaying Games	/Games/Computer & Video Games/Action & Platform Games	None	None	None
com.gameloft.android.ANMP.Gloft5DHM	/Games/Roleplaying Games	/Games/Computer & Video Games/Action & Platform Games	None	None	None
net.metaquotes.metatrader4	/Finance/Investing/Currencies & Foreign Exchange	None	None	None	None
zozo.android.crosswords	/Games/Computer & Video Games/Casual Games	None	None	None	None
me.msqrd.android	/Computers & Electronics/Software/Photo Software	/Arts & Entertainment/Humor	None	None	None
com.final_kick.best_penalty_shootout.soccer_football_game_free	/Games/Computer & Video Games/Sports Games	None	None	None	None
com.quora.android	/Reference/How-To, DIY & Expert Content	/Online Communities/Social Networks	None	None	None
com.dreamgames.royalmatch	/Games/Computer & Video Games/Casual Games	None	None	None	None
com.perm.kate_new_6	/Computers & Electronics/Software/Web Browsers	None	None	None	None
com.balysv.loop	/Games/Computer & Video Games	None	None	None	None
com.playstudios.myvegas	/Games/Computer & Video Games	None	None	None	None
com.tmobile.pr.mytmobile	/Internet & Telecom/Phone Service Providers	None	None	None	None
com.nintendo.zaca	/Games/Computer & Video Games/Casual Games	None	None	None	None
com.nekki.shadowfightarena	/Games/Computer & Video Games/Action & Platform Games	None	None	None	None
com.gameloft.android.ANMP.GloftMTHM	/Games/Computer & Video Games/Strategy Games	None	None	None	None
com.drilens.wamr	/Internet & Telecom/Text & Instant Messaging	None	None	None	None
com.cjenm.kittypong	/Games/Computer & Video Games/Casual Games	None	None	None	None
com.touchfoo.swordigo	/Games/Computer & Video Games/Action & Platform Games	None	None	None	None
com.netease.idv.googleplay	/Games/Computer & Video Games/Adventure Games	None	None	None	None
com.cardfeed.video_public	/News/Local News	None	None	None	None
com.waplog.social	/Online Communities/Dating & Personals	None	None	None	None
jp.co.mixi.monsterstrike	/Games/Computer & Video Games/Action & Platform Games	/Games/Roleplaying Games	None	None	None
com.gameloft.android.ANMP.GloftTRHM	/Games/Computer & Video Games/Action & Platform Games	/Games/Computer & Video Games/Adventure Games	None	None	None
com.crack.screen.prank.bfun	/Arts & Entertainment/Humor	None	None	None	None
br.gov.dataprev.meuinss	/Finance/Financial Planning & Management/Retirement & Pension	None	None	None	None
com.smilerlee.jewels	/Games/Computer & Video Games/Casual Games	None	None	None	None
mp3.cutter.ringtone.maker.trimmer	/Computers & Electronics/Software/Audio & Music Software	None	None	None	None
roll.unblock.ball.block.puzzle	/Games/Computer & Video Games	None	None	None	None
com.qube.tinyminer	/Games/Computer & Video Games/Action & Platform Games	/Games/Computer & Video Games/Casual Games	None	None	None
com.digiplex.game	/Games/Computer & Video Games/Casual Games	None	None	None	None
com.yourstoryinteractive.sails.pirate.adventure	/Games/Computer & Video Games/Simulation Games	/Games/Computer & Video Games/Adventure Games	None	None	None
com.lego.bricksmore	/Games/Computer & Video Games/Casual Games	None	None	None	None
com.cg.football	/Games/Computer & Video Games/Sports Games	None	None	None	None
com.ubisoft.raymanadventures	/Games/Computer & Video Games/Action & Platform Games	None	None	None	None
it.wind.myWind	/Internet & Telecom/Phone Service Providers	None	None	None	None
tv.twitch.android.viewer	/Games/Computer & Video Games	/Online Communities	None	None	None
com.strava	/Sports/Cycling	/Computers & Electronics/Consumer Electronics/Wearable Technology	/Sports/Running & Walking	None	None
com.lyrebirdstudio.tbt	/Computers & Electronics/Software/Photo Software	None	None	None	None
com.mico	/Online Communities/Social Networks	None	None	None	None
com.kreditbee.android	/Finance/Personal Loans	None	None	None	None
com.verizon.messaging.vzmsgs	/Internet & Telecom/Text & Instant Messaging	None	None	None	None
com.robtopx.geometrydashsubzero	/Games/Computer & Video Games/Action & Platform Games	/Games/Computer & Video Games/Casual Games	None	None	None
com.reliancegames.wwemayhem	/Games/Computer & Video Games/Sports Games	None	None	None	None
co.gradeup.android	/Jobs & Education/Education/Standardized & Admissions Tests	None	None	None	None
com.sega.sprint	/Games/Computer & Video Games/Action & Platform Games	None	None	None	None
com.bandagames.mpuzzle.gp	/Games/Computer & Video Games/Casual Games	None	None	None	None
com.topgamesinc.evony	/Games/Computer & Video Games/Strategy Games	None	None	None	None
com.zynga.pottermatch	/Games/Computer & Video Games/Casual Games	None	None	None	None
com.easybrain.block.puzzle.games	/Games/Computer & Video Games/Casual Games	None	None	None	None
org.cocos2dx.NautilusCricket2014	/Games/Computer & Video Games/Sports Games	None	None	None	None
com.zynga.wwf2.free	/Games/Computer & Video Games	None	None	None	None
com.ftt.soulblade_gl_4kakao	/Games/Computer & Video Games/Action & Platform Games	/Games/Roleplaying Games	None	None	None
sg.gumi.bravefrontier	/Games/Roleplaying Games	None	None	None	None
com.eyesthegame.eyes	/Games/Computer & Video Games/Adventure Games	None	None	None	None
com.etsy.android	/Shopping	None	None	None	None
com.opera.mini.native.beta	/Computers & Electronics/Software/Web Browsers	None	None	None	None
com.amanotes.pamadancingroad	/Games/Computer & Video Games/Casual Games	None	None	None	None
com.squareenix.relicrun	/Games/Computer & Video Games/Action & Platform Games	/Games/Computer & Video Games/Adventure Games	None	None	None
com.gameresort.stupidzombies	/Games/Computer & Video Games/Action & Platform Games	None	None	None	None
com.cris.utsmobile	/Travel & Transportation/Long Distance Bus & Rail	None	None	None	None
com.flaregames.rrtournament	/Games/Computer & Video Games/Strategy Games	/Games/Computer & Video Games/Massively Multiplayer Games	None	None	None
com.lego.ninjago.toe	/Games/Computer & Video Games/Action & Platform Games	/Games/Computer & Video Games/Adventure Games	None	None	None
com.tgc.sky.android	/Games/Roleplaying Games	None	None	None	None
com.namcobandaigames.spmoja010E	/Games/Roleplaying Games	/Games/Computer & Video Games/Adventure Games	None	None	None
com.mcent.browser	/Computers & Electronics/Software/Web Browsers	None	None	None	None
com.kwai.kuaishou.video.live	/Computers & Electronics/Software/Video Software	None	None	None	None
com.magix.android.mmjam	/Computers & Electronics/Software/Audio & Music Software	None	None	None	None
glitchvideoeditor.videoeffects.glitchvideoeffect	/Computers & Electronics/Software/Video Software	None	None	None	None
com.allenmm.archery	/Games/Computer & Video Games/Sports Games	None	None	None	None
com.gameloft.android.ANMP.GloftHOHM	/Games/Computer & Video Games/Action & Platform Games	/Games/Computer & Video Games/Strategy Games	None	None	None
com.adobe.flashplayer	/Computers & Electronics/Software/Video Software	None	None	None	None
com.tayu.tau.pedometer	/Beauty & Fitness/Fitness	None	None	None	None
com.quizup.core	/Games/Computer & Video Games/Casual Games	None	None	None	None
se.illusionlabs.bmx	/Games/Computer & Video Games/Sports Games	None	None	None	None
com.gma.water.sort.puzzle	/Games/Computer & Video Games/Casual Games	None	None	None	None
com.outfit7.jigtyfree	/Games/Computer & Video Games	None	None	None	None
com.gsn.android.tripeaks	/Games/Card Games	None	None	None	None
air.com.tensquaregames.letsfish	/Games/Computer & Video Games/Simulation Games	None	None	None	None
com.wildlifestudios.free.online.games.suspects	/Games/Computer & Video Games/Adventure Games	None	None	None	None
com.dotgears.flappybird	/Games/Computer & Video Games/Action & Platform Games	None	None	None	None
com.jellybtn.boardkings	/Games/Computer & Video Games	None	None	None	None
es.parrotgames.restaurantcity	/Games/Computer & Video Games/Casual Games	None	None	None	None
com.spilgames.UphillRush	/Games/Computer & Video Games/Simulation Games	None	None	None	None
com.fingerprinta.unlock.screen.prank	/Arts & Entertainment/Humor	None	None	None	None
com.outfit7.tomsbubbles	/Games/Computer & Video Games/Casual Games	None	None	None	None
com.rockstargames.gtasa	/Games/Computer & Video Games/Action & Platform Games	/Games/Computer & Video Games/Adventure Games	None	None	None
com.djinnworks.StickmanSoccer2014	/Games/Computer & Video Games/Sports Games	None	None	None	None
com.mcent.app	/Internet & Telecom/Phone Service Providers	None	None	None	None
com.fotoable.fotobeauty	/Computers & Electronics/Software/Photo Software	None	None	None	None
com.gamevil.darknessreborn2.android.google.global.normal	/Games/Roleplaying Games	/Games/Computer & Video Games/Action & Platform Games	None	None	None
com.infinitygames.loopenergy	/Games/Computer & Video Games/Casual Games	None	None	None	None
com.ea.gp.pvzheroes	/Games/Computer & Video Games/Strategy Games	None	None	None	None
com.babbel.mobile.android.en	/Reference/Foreign Language Study	None	None	None	None
com.star.union.planetant	/Games/Computer & Video Games/Strategy Games	None	None	None	None
com.gamegou.PerfectKick.google	/Games/Computer & Video Games/Sports Games	None	None	None	None
com.hm.goe	/Beauty & Fitness/Fashion & Style	None	None	None	None
com.cleanteam.onesecurity	/Computers & Electronics/Antivirus & Malware	None	None	None	None
com.redantz.game.zombie	/Games/Computer & Video Games/Action & Platform Games	None	None	None	None
com.nzn.tdg	/Food & Drink/Cooking & Recipes	None	None	None	None
com.kiragames.unblockmefree	/Games/Computer & Video Games	None	None	None	None
com.ncoregames.faug	/Games/Computer & Video Games/Action & Platform Games	None	None	None	None
com.magmamobile.game.BubbleBlast2	/Games/Computer & Video Games/Casual Games	None	None	None	None
net.veritran.becl.prod	/Law & Government	None	None	None	None
com.lionstudios.mrbullet	/Games/Computer & Video Games/Casual Games	None	None	None	None
com.alightcreative.motion	/Computers & Electronics/Software/Video Software	None	None	None	None
com.futurebits.instamessage.free	/Online Communities/Dating & Personals	None	None	None	None
com.ironhidegames.android.kingdomrush	/Games/Computer & Video Games/Strategy Games	None	None	None	None
com.snkplaymore.android003	/Games/Computer & Video Games/Strategy Games	None	None	None	None
com.huami.watch.hmwatchmanager	/Sports/Running & Walking	None	None	None	None
com.bigbasket.mobileapp	/Food & Drink/Food & Grocery Retailers	None	None	None	None
com.sega.sonicboomandroid	/Games/Computer & Video Games/Action & Platform Games	None	None	None	None
com.goodev.volume.booster	/Computers & Electronics/Software/Audio & Music Software	None	None	None	None
com.topchopgames.skyroller	/Games/Computer & Video Games/Casual Games	None	None	None	None
com.mt.mtxx.mtxx	/Computers & Electronics/Software/Photo Software	None	None	None	None
com.ketchapp.stickhero	/Games/Computer & Video Games/Action & Platform Games	/Games/Computer & Video Games/Casual Games	None	None	None
com.wondershare.filmorago	/Computers & Electronics/Software/Video Software	None	None	None	None
com.rcplatform.selfiecamera	/Computers & Electronics/Software/Photo Software	None	None	None	None
com.asus.camera	/Computers & Electronics/Software/Photo Software	None	None	None	None
com.fingersoft.makemore	/Games/Computer & Video Games/Casual Games	None	None	None	None
com.KnowledgeAdventure.SchoolOfDragons	/Games/Roleplaying Games	/Games/Computer & Video Games/Action & Platform Games	None	None	None
com.paymaya	/Finance/Credit Cards	None	None	None	None
air.com.games2win.internationalfashionstylist	/Games/Computer & Video Games/Casual Games	None	None	None	None
com.weheartit	/Online Communities/Social Networks	None	None	None	None
com.magmamobile.game.mousetrap	/Games/Computer & Video Games/Casual Games	None	None	None	None
world.social.group.video.share	/Online Communities/Social Networks	None	None	None	None
com.catalinagroup.callrecorder	/Computers & Electronics/Software/Audio & Music Software	None	None	None	None
com.diamond.freefire.freediamond	/Games/Computer & Video Games/Action & Platform Games	None	None	None	None
com.hts.ams	/Games/Computer & Video Games/Strategy Games	None	None	None	None
net.kernys.aooni	/Games/Computer & Video Games/Action & Platform Games	None	None	None	None
com.firsttouchgames.hero2	/Games/Computer & Video Games/Casual Games	/Games/Computer & Video Games/Sports Games	None	None	None
com.example.adservices.samples.topics.sampleapp	/Internet & Telecom/Text & Instant Messaging	None	None	None	None
com.example.adservices.samples.topics.sampleapp1	/Arts & Entertainment/Online Video	None	None	None	None
com.example.adservices.samples.topics.sampleapp2	/Online Communities/Social Networks	None	None	None	None
com.example.adservices.samples.topics.sampleapp3	/Online Communities/Social Networks	/Games/Computer & Video Games/Casual Games	None	None	None
com.example.adservices.samples.topics.sampleapp4	/Online Communities/Social Networks	/Computers & Electronics/Software/Photo Software	/Reference/Foreign Language Study	None	None
com.example.adservices.samples.topics.sampleapp5	/Games/Computer & Video Games/Strategy Games	None	None	None	None
com.example.adservices.samples.topics.sampleapp6	/Computers & Electronics/Software/Video Software	/Online Communities/Social Networks	None	None	None
com.example.adservices.samples.topics.sampleapp7	/Computers & Electronics/Antivirus & Malware	None	None	None	None
com.example.adservices.samples.topics.sampleapp8	/Computers & Electronics/Software/Web Browsers	None	None	None	None
com.example.adservices.samples.topics.sampleapp9	/Games/Computer & Video Games/Action & Platform Games	None	None	None	None
com.example.adservices.samples.topics.sampleapp10	/Games/Computer & Video Games/Massively Multiplayer Games	/Games/Computer & Video Games/Strategy Games	None	None	None
